canonicalId,category,productFamily,model,auditStatus,industries,applicationSearchTerms,buyerSelectionFactors,publicationStatus
cp-065-compressed-air-equipment-zd10lg-8,compressed-air-equipment,Electric Screw Air Compressor,ZD10LG-8,verified-model,mining and quarrying | water well drilling | rock drilling and blasting | road and infrastructure construction | manufacturing workshops | shipyards | equipment rental,Electric Screw Air Compressor | ZD10LG-8 | ZD10LG-8 Electric Screw Air Compressor | industrial air compressor | compressed air equipment | pressure and free-air-delivery selection | screw air compressor | electric screw air compressor | variable-speed screw air compressor | VSD air compressor | stationary screw air compressor | zd10lg-8 screw air compressor | zd10lg-8 specifications | zd10lg-8 electric screw air compressor for industrial projects | free air delivery | working pressure | airend | air compressor maintenance,"required working pressure at the point of use | free-air-delivery demand and demand variation | electric versus diesel power availability | stationary versus portable installation | air quality, moisture and filtration requirement | ambient conditions, access and maintenance plan",requires-owner-confirmation
cp-066-compressed-air-equipment-zd10lv-8,compressed-air-equipment,Screw Air Compressor,ZD10LV-8,verified-model,mining and quarrying | water well drilling | rock drilling and blasting | road and infrastructure construction | manufacturing workshops | shipyards | equipment rental,Screw Air Compressor | ZD10LV-8 | ZD10LV-8 Screw Air Compressor | industrial air compressor | compressed air equipment | pressure and free-air-delivery selection | screw air compressor | electric screw air compressor | variable-speed screw air compressor | VSD air compressor | stationary screw air compressor | zd10lv-8 screw air compressor | zd10lv-8 specifications | zd10lv-8 screw air compressor for industrial projects | free air delivery | working pressure | airend | air compressor maintenance,"required working pressure at the point of use | free-air-delivery demand and demand variation | electric versus diesel power availability | stationary versus portable installation | air quality, moisture and filtration requirement | ambient conditions, access and maintenance plan",requires-owner-confirmation
cp-068-compressed-air-equipment-zd20,compressed-air-equipment,Variable-Speed Screw Air Compressor,ZD20,requires-owner-confirmation,mining and quarrying | water well drilling | rock drilling and blasting | road and infrastructure construction | manufacturing workshops | shipyards | equipment rental,Variable-Speed Screw Air Compressor | ZD20 | ZD20 Variable-Speed Screw Air Compressor | industrial air compressor | compressed air equipment | pressure and free-air-delivery selection | screw air compressor | variable-speed screw air compressor | electric screw air compressor | VSD air compressor | stationary screw air compressor | zd20 screw air compressor | zd20 specifications | zd20 variable-speed screw air compressor for industrial projects | free air delivery | working pressure | airend | air compressor maintenance,"required working pressure at the point of use | free-air-delivery demand and demand variation | electric versus diesel power availability | stationary versus portable installation | air quality, moisture and filtration requirement | ambient conditions, access and maintenance plan",requires-owner-confirmation
cp-069-compressed-air-equipment-zd30,compressed-air-equipment,Screw Air Compressor,ZD30,verified-model,mining and quarrying | water well drilling | rock drilling and blasting | road and infrastructure construction | manufacturing workshops | shipyards | equipment rental,Screw Air Compressor | ZD30 | ZD30 Screw Air Compressor | industrial air compressor | compressed air equipment | pressure and free-air-delivery selection | screw air compressor | electric screw air compressor | variable-speed screw air compressor | VSD air compressor | stationary screw air compressor | zd30 screw air compressor | zd30 specifications | zd30 screw air compressor for industrial projects | free air delivery | working pressure | airend | air compressor maintenance,"required working pressure at the point of use | free-air-delivery demand and demand variation | electric versus diesel power availability | stationary versus portable installation | air quality, moisture and filtration requirement | ambient conditions, access and maintenance plan",requires-owner-confirmation
cp-070-compressed-air-equipment-zd50lv-8,compressed-air-equipment,Electric Portable Screw Air Compressor,ZD50LV-8,duplicate,mining and quarrying | water well drilling | rock drilling and blasting | road and infrastructure construction | manufacturing workshops | shipyards | equipment rental,Electric Portable Screw Air Compressor | ZD50LV-8 | ZD50LV-8 Electric Portable Screw Air Compressor | industrial air compressor | compressed air equipment | pressure and free-air-delivery selection | screw air compressor | electric screw air compressor | portable screw air compressor | variable-speed screw air compressor | VSD air compressor | stationary screw air compressor | zd50lv-8 screw air compressor | zd50lv-8 specifications | zd50lv-8 electric portable screw air compressor for industrial projects | free air delivery | working pressure | airend | air compressor maintenance,"required working pressure at the point of use | free-air-delivery demand and demand variation | electric versus diesel power availability | stationary versus portable installation | air quality, moisture and filtration requirement | ambient conditions, access and maintenance plan",requires-owner-confirmation
cp-071-compressed-air-equipment-kylc-18,compressed-air-equipment,Electric Portable Screw Air Compressor,KYLC-18,verified-model,mining and quarrying | water well drilling | rock drilling and blasting | road and infrastructure construction | manufacturing workshops | shipyards | equipment rental,Electric Portable Screw Air Compressor | KYLC-18 | KYLC-18 Electric Portable Screw Air Compressor | industrial air compressor | compressed air equipment | pressure and free-air-delivery selection | screw air compressor | electric screw air compressor | portable screw air compressor | variable-speed screw air compressor | VSD air compressor | stationary screw air compressor | kylc-18 screw air compressor | kylc-18 specifications | kylc-18 electric portable screw air compressor for industrial projects | free air delivery | working pressure | airend | air compressor maintenance,"required working pressure at the point of use | free-air-delivery demand and demand variation | electric versus diesel power availability | stationary versus portable installation | air quality, moisture and filtration requirement | ambient conditions, access and maintenance plan",requires-owner-confirmation
cp-072-compressed-air-equipment-zdy75d-7,compressed-air-equipment,Electric Portable Screw Air Compressor,ZDY75D-7,verified-model,mining and quarrying | water well drilling | rock drilling and blasting | road and infrastructure construction | manufacturing workshops | shipyards | equipment rental,Electric Portable Screw Air Compressor | ZDY75D-7 | ZDY75D-7 Electric Portable Screw Air Compressor | industrial air compressor | compressed air equipment | pressure and free-air-delivery selection | screw air compressor | electric screw air compressor | portable screw air compressor | variable-speed screw air compressor | VSD air compressor | stationary screw air compressor | zdy75d-7 screw air compressor | zdy75d-7 specifications | zdy75d-7 electric portable screw air compressor for industrial projects | free air delivery | working pressure | airend | air compressor maintenance,"required working pressure at the point of use | free-air-delivery demand and demand variation | electric versus diesel power availability | stationary versus portable installation | air quality, moisture and filtration requirement | ambient conditions, access and maintenance plan",requires-owner-confirmation
cp-073-compressed-air-equipment-zdy90d-7,compressed-air-equipment,Electric Portable Screw Air Compressor,ZDY90D-7,verified-model,mining and quarrying | water well drilling | rock drilling and blasting | road and infrastructure construction | manufacturing workshops | shipyards | equipment rental,Electric Portable Screw Air Compressor | ZDY90D-7 | ZDY90D-7 Electric Portable Screw Air Compressor | industrial air compressor | compressed air equipment | pressure and free-air-delivery selection | screw air compressor | electric screw air compressor | portable screw air compressor | variable-speed screw air compressor | VSD air compressor | stationary screw air compressor | zdy90d-7 screw air compressor | zdy90d-7 specifications | zdy90d-7 electric portable screw air compressor for industrial projects | free air delivery | working pressure | airend | air compressor maintenance,"required working pressure at the point of use | free-air-delivery demand and demand variation | electric versus diesel power availability | stationary versus portable installation | air quality, moisture and filtration requirement | ambient conditions, access and maintenance plan",requires-owner-confirmation
cp-074-compressed-air-equipment-zdy132d-8,compressed-air-equipment,Electric Screw Air Compressor,ZDY132D-8,verified-model,mining and quarrying | water well drilling | rock drilling and blasting | road and infrastructure construction | manufacturing workshops | shipyards | equipment rental,Electric Screw Air Compressor | ZDY132D-8 | ZDY132D-8 Electric Screw Air Compressor | industrial air compressor | compressed air equipment | pressure and free-air-delivery selection | screw air compressor | electric screw air compressor | variable-speed screw air compressor | VSD air compressor | stationary screw air compressor | zdy132d-8 screw air compressor | zdy132d-8 specifications | zdy132d-8 electric screw air compressor for industrial projects | free air delivery | working pressure | airend | air compressor maintenance,"required working pressure at the point of use | free-air-delivery demand and demand variation | electric versus diesel power availability | stationary versus portable installation | air quality, moisture and filtration requirement | ambient conditions, access and maintenance plan",requires-owner-confirmation
cp-075-compressed-air-equipment-zdcy-5-8,compressed-air-equipment,Diesel Portable Screw Air Compressor,ZDCY 5-8,duplicate,mining and quarrying | water well drilling | rock drilling and blasting | road and infrastructure construction | manufacturing workshops | shipyards | equipment rental,Diesel Portable Screw Air Compressor | ZDCY 5-8 | ZDCY 5-8 Diesel Portable Screw Air Compressor | industrial air compressor | compressed air equipment | pressure and free-air-delivery selection | screw air compressor | portable screw air compressor | diesel portable screw air compressor | diesel stationary screw air compressor | diesel piston air compressor | electric screw air compressor | variable-speed screw air compressor | VSD air compressor | stationary screw air compressor | zdcy 5-8 screw air compressor | zdcy 5-8 specifications | zdcy 5-8 diesel portable screw air compressor for industrial projects | free air delivery | working pressure | airend | air compressor maintenance,"required working pressure at the point of use | free-air-delivery demand and demand variation | electric versus diesel power availability | stationary versus portable installation | air quality, moisture and filtration requirement | ambient conditions, access and maintenance plan",requires-owner-confirmation
cp-076-compressed-air-equipment-zdyl-20-20,compressed-air-equipment,Diesel Portable Screw Air Compressor,ZDYL-20/20,verified-model,mining and quarrying | water well drilling | rock drilling and blasting | road and infrastructure construction | manufacturing workshops | shipyards | equipment rental,Diesel Portable Screw Air Compressor | ZDYL-20/20 | ZDYL-20/20 Diesel Portable Screw Air Compressor | industrial air compressor | compressed air equipment | pressure and free-air-delivery selection | screw air compressor | portable screw air compressor | diesel portable screw air compressor | diesel stationary screw air compressor | diesel piston air compressor | electric screw air compressor | variable-speed screw air compressor | VSD air compressor | stationary screw air compressor | zdyl-20/20 screw air compressor | zdyl-20/20 specifications | zdyl-20/20 diesel portable screw air compressor for industrial projects | free air delivery | working pressure | airend | air compressor maintenance,"required working pressure at the point of use | free-air-delivery demand and demand variation | electric versus diesel power availability | stationary versus portable installation | air quality, moisture and filtration requirement | ambient conditions, access and maintenance plan",requires-owner-confirmation
cp-077-compressed-air-equipment-zd-40,compressed-air-equipment,/25 Diesel Screw Air Compressor,ZD-40,verified-model,mining and quarrying | water well drilling | rock drilling and blasting | road and infrastructure construction | manufacturing workshops | shipyards | equipment rental,/25 Diesel Screw Air Compressor | ZD-40 | ZD-40 /25 Diesel Screw Air Compressor | industrial air compressor | compressed air equipment | pressure and free-air-delivery selection | screw air compressor | diesel portable screw air compressor | diesel stationary screw air compressor | diesel piston air compressor | electric screw air compressor | variable-speed screw air compressor | VSD air compressor | stationary screw air compressor | zd-40 screw air compressor | zd-40 specifications | zd-40/25 diesel screw air compressor for industrial projects | free air delivery | working pressure | airend | air compressor maintenance,"required working pressure at the point of use | free-air-delivery demand and demand variation | electric versus diesel power availability | stationary versus portable installation | air quality, moisture and filtration requirement | ambient conditions, access and maintenance plan",requires-owner-confirmation
cp-078-compressed-air-equipment-zd-20,compressed-air-equipment,/20 Diesel Screw Air Compressor,ZD-20,verified-model,mining and quarrying | water well drilling | rock drilling and blasting | road and infrastructure construction | manufacturing workshops | shipyards | equipment rental,/20 Diesel Screw Air Compressor | ZD-20 | ZD-20 /20 Diesel Screw Air Compressor | industrial air compressor | compressed air equipment | pressure and free-air-delivery selection | screw air compressor | diesel portable screw air compressor | diesel stationary screw air compressor | diesel piston air compressor | electric screw air compressor | variable-speed screw air compressor | VSD air compressor | stationary screw air compressor | zd-20 screw air compressor | zd-20 specifications | zd-20/20 diesel screw air compressor for industrial projects | free air delivery | working pressure | airend | air compressor maintenance,"required working pressure at the point of use | free-air-delivery demand and demand variation | electric versus diesel power availability | stationary versus portable installation | air quality, moisture and filtration requirement | ambient conditions, access and maintenance plan",requires-owner-confirmation
cp-079-compressed-air-equipment-diesel-piston-air-compressor,compressed-air-equipment,Diesel Piston Air Compressor,,duplicate,mining and quarrying | water well drilling | rock drilling and blasting | road and infrastructure construction | manufacturing workshops | shipyards | equipment rental,Diesel Piston Air Compressor | industrial air compressor | compressed air equipment | pressure and free-air-delivery selection | screw air compressor | diesel portable screw air compressor | diesel stationary screw air compressor | piston air compressor | diesel piston air compressor | electric screw air compressor | variable-speed screw air compressor | VSD air compressor | stationary screw air compressor | diesel piston air compressor for industrial projects | free air delivery | working pressure | airend | air compressor maintenance,"required working pressure at the point of use | free-air-delivery demand and demand variation | electric versus diesel power availability | stationary versus portable installation | air quality, moisture and filtration requirement | ambient conditions, access and maintenance plan",requires-owner-confirmation
cp-080-compressed-air-equipment-piston-air-compressor,compressed-air-equipment,Piston Air Compressor,,generic-series,mining and quarrying | water well drilling | rock drilling and blasting | road and infrastructure construction | manufacturing workshops | shipyards | equipment rental,Piston Air Compressor | industrial air compressor | compressed air equipment | pressure and free-air-delivery selection | screw air compressor | piston air compressor | electric screw air compressor | variable-speed screw air compressor | VSD air compressor | stationary screw air compressor | piston air compressor for industrial projects | free air delivery | working pressure | airend | air compressor maintenance,"required working pressure at the point of use | free-air-delivery demand and demand variation | electric versus diesel power availability | stationary versus portable installation | air quality, moisture and filtration requirement | ambient conditions, access and maintenance plan",requires-owner-confirmation
cp-081-compressed-air-equipment-diesel-portable-piston-air-compressor,compressed-air-equipment,Diesel Portable Piston Air Compressor,,duplicate,mining and quarrying | water well drilling | rock drilling and blasting | road and infrastructure construction | manufacturing workshops | shipyards | equipment rental,Diesel Portable Piston Air Compressor | industrial air compressor | compressed air equipment | pressure and free-air-delivery selection | screw air compressor | portable screw air compressor | diesel portable screw air compressor | diesel stationary screw air compressor | piston air compressor | diesel piston air compressor | electric screw air compressor | variable-speed screw air compressor | VSD air compressor | stationary screw air compressor | diesel portable piston air compressor for industrial projects | free air delivery | working pressure | airend | air compressor maintenance,"required working pressure at the point of use | free-air-delivery demand and demand variation | electric versus diesel power availability | stationary versus portable installation | air quality, moisture and filtration requirement | ambient conditions, access and maintenance plan",requires-owner-confirmation
cp-111-compressed-air-equipment-lb10,compressed-air-equipment,Screw Air Compressor,LB10,verified-model,mining and quarrying | water well drilling | rock drilling and blasting | road and infrastructure construction | manufacturing workshops | shipyards | equipment rental,Screw Air Compressor | LB10 | LB10 Screw Air Compressor | industrial air compressor | compressed air equipment | pressure and free-air-delivery selection | screw air compressor | electric screw air compressor | variable-speed screw air compressor | VSD air compressor | stationary screw air compressor | lb10 screw air compressor | lb10 specifications | lb10 screw air compressor for industrial projects | free air delivery | working pressure | airend | air compressor maintenance,"required working pressure at the point of use | free-air-delivery demand and demand variation | electric versus diesel power availability | stationary versus portable installation | air quality, moisture and filtration requirement | ambient conditions, access and maintenance plan",requires-owner-confirmation
cp-112-compressed-air-equipment-lb20,compressed-air-equipment,Screw Air Compressor,LB20,requires-owner-confirmation,mining and quarrying | water well drilling | rock drilling and blasting | road and infrastructure construction | manufacturing workshops | shipyards | equipment rental,Screw Air Compressor | LB20 | LB20 Screw Air Compressor | industrial air compressor | compressed air equipment | pressure and free-air-delivery selection | screw air compressor | electric screw air compressor | variable-speed screw air compressor | VSD air compressor | stationary screw air compressor | lb20 screw air compressor | lb20 specifications | lb20 screw air compressor for industrial projects | free air delivery | working pressure | airend | air compressor maintenance,"required working pressure at the point of use | free-air-delivery demand and demand variation | electric versus diesel power availability | stationary versus portable installation | air quality, moisture and filtration requirement | ambient conditions, access and maintenance plan",requires-owner-confirmation
cp-113-compressed-air-equipment-lb50,compressed-air-equipment,Stationary Screw Air Compressor,LB50,verified-model,mining and quarrying | water well drilling | rock drilling and blasting | road and infrastructure construction | manufacturing workshops | shipyards | equipment rental,Stationary Screw Air Compressor | LB50 | LB50 Stationary Screw Air Compressor | industrial air compressor | compressed air equipment | pressure and free-air-delivery selection | screw air compressor | stationary screw air compressor | electric screw air compressor | variable-speed screw air compressor | VSD air compressor | lb50 screw air compressor | lb50 specifications | lb50 stationary screw air compressor for industrial projects | free air delivery | working pressure | airend | air compressor maintenance,"required working pressure at the point of use | free-air-delivery demand and demand variation | electric versus diesel power availability | stationary versus portable installation | air quality, moisture and filtration requirement | ambient conditions, access and maintenance plan",requires-owner-confirmation
cp-114-compressed-air-equipment-lb30,compressed-air-equipment,Screw Air Compressor,LB30,verified-model,mining and quarrying | water well drilling | rock drilling and blasting | road and infrastructure construction | manufacturing workshops | shipyards | equipment rental,Screw Air Compressor | LB30 | LB30 Screw Air Compressor | industrial air compressor | compressed air equipment | pressure and free-air-delivery selection | screw air compressor | electric screw air compressor | variable-speed screw air compressor | VSD air compressor | stationary screw air compressor | lb30 screw air compressor | lb30 specifications | lb30 screw air compressor for industrial projects | free air delivery | working pressure | airend | air compressor maintenance,"required working pressure at the point of use | free-air-delivery demand and demand variation | electric versus diesel power availability | stationary versus portable installation | air quality, moisture and filtration requirement | ambient conditions, access and maintenance plan",requires-owner-confirmation
cp-115-compressed-air-equipment-rm160-34,compressed-air-equipment,/8 Screw Air Compressor,RM160-34,verified-model,mining and quarrying | water well drilling | rock drilling and blasting | road and infrastructure construction | manufacturing workshops | shipyards | equipment rental,/8 Screw Air Compressor | RM160-34 | RM160-34 /8 Screw Air Compressor | industrial air compressor | compressed air equipment | pressure and free-air-delivery selection | screw air compressor | electric screw air compressor | variable-speed screw air compressor | VSD air compressor | stationary screw air compressor | rm160-34 screw air compressor | rm160-34 specifications | rm160-34/8 screw air compressor for industrial projects | free air delivery | working pressure | airend | air compressor maintenance,"required working pressure at the point of use | free-air-delivery demand and demand variation | electric versus diesel power availability | stationary versus portable installation | air quality, moisture and filtration requirement | ambient conditions, access and maintenance plan",requires-owner-confirmation
cp-116-compressed-air-equipment-zd-5,compressed-air-equipment,/8 Diesel Stationary Screw Air Compressor,ZD-5,verified-model,mining and quarrying | water well drilling | rock drilling and blasting | road and infrastructure construction | manufacturing workshops | shipyards | equipment rental,/8 Diesel Stationary Screw Air Compressor | ZD-5 | ZD-5 /8 Diesel Stationary Screw Air Compressor | industrial air compressor | compressed air equipment | pressure and free-air-delivery selection | screw air compressor | stationary screw air compressor | diesel portable screw air compressor | diesel stationary screw air compressor | diesel piston air compressor | electric screw air compressor | variable-speed screw air compressor | VSD air compressor | zd-5 screw air compressor | zd-5 specifications | zd-5/8 diesel stationary screw air compressor for industrial projects | free air delivery | working pressure | airend | air compressor maintenance,"required working pressure at the point of use | free-air-delivery demand and demand variation | electric versus diesel power availability | stationary versus portable installation | air quality, moisture and filtration requirement | ambient conditions, access and maintenance plan",requires-owner-confirmation
cp-117-compressed-air-equipment-zd-10,compressed-air-equipment,/10 Diesel Portable Screw Air Compressor,ZD-10,verified-model,mining and quarrying | water well drilling | rock drilling and blasting | road and infrastructure construction | manufacturing workshops | shipyards | equipment rental,/10 Diesel Portable Screw Air Compressor | ZD-10 | ZD-10 /10 Diesel Portable Screw Air Compressor | industrial air compressor | compressed air equipment | pressure and free-air-delivery selection | screw air compressor | portable screw air compressor | diesel portable screw air compressor | diesel stationary screw air compressor | diesel piston air compressor | electric screw air compressor | variable-speed screw air compressor | VSD air compressor | stationary screw air compressor | zd-10 screw air compressor | zd-10 specifications | zd-10/10 diesel portable screw air compressor for industrial projects | free air delivery | working pressure | airend | air compressor maintenance,"required working pressure at the point of use | free-air-delivery demand and demand variation | electric versus diesel power availability | stationary versus portable installation | air quality, moisture and filtration requirement | ambient conditions, access and maintenance plan",requires-owner-confirmation
cp-118-compressed-air-equipment-ztv90-8,compressed-air-equipment,Electric Screw Air Compressor,ZTV90-8,requires-owner-confirmation,mining and quarrying | water well drilling | rock drilling and blasting | road and infrastructure construction | manufacturing workshops | shipyards | equipment rental,Electric Screw Air Compressor | ZTV90-8 | ZTV90-8 Electric Screw Air Compressor | industrial air compressor | compressed air equipment | pressure and free-air-delivery selection | screw air compressor | electric screw air compressor | variable-speed screw air compressor | VSD air compressor | stationary screw air compressor | ztv90-8 screw air compressor | ztv90-8 specifications | ztv90-8 electric screw air compressor for industrial projects | free air delivery | working pressure | airend | air compressor maintenance,"required working pressure at the point of use | free-air-delivery demand and demand variation | electric versus diesel power availability | stationary versus portable installation | air quality, moisture and filtration requirement | ambient conditions, access and maintenance plan",requires-owner-confirmation
cp-119-compressed-air-equipment-kszj18-17,compressed-air-equipment,Diesel Portable Screw Air Compressor,KSZJ18-17,verified-model,mining and quarrying | water well drilling | rock drilling and blasting | road and infrastructure construction | manufacturing workshops | shipyards | equipment rental,Diesel Portable Screw Air Compressor | KSZJ18-17 | KSZJ18-17 Diesel Portable Screw Air Compressor | industrial air compressor | compressed air equipment | pressure and free-air-delivery selection | screw air compressor | portable screw air compressor | diesel portable screw air compressor | diesel stationary screw air compressor | diesel piston air compressor | electric screw air compressor | variable-speed screw air compressor | VSD air compressor | stationary screw air compressor | kszj18-17 screw air compressor | kszj18-17 specifications | kszj18-17 diesel portable screw air compressor for industrial projects | free air delivery | working pressure | airend | air compressor maintenance,"required working pressure at the point of use | free-air-delivery demand and demand variation | electric versus diesel power availability | stationary versus portable installation | air quality, moisture and filtration requirement | ambient conditions, access and maintenance plan",requires-owner-confirmation
cp-125-compressed-air-equipment-kylc-580,compressed-air-equipment,/17CY Diesel Screw Air Compressor,KYLC-580,verified-model,mining and quarrying | water well drilling | rock drilling and blasting | road and infrastructure construction | manufacturing workshops | shipyards | equipment rental,/17CY Diesel Screw Air Compressor | KYLC-580 | KYLC-580 /17CY Diesel Screw Air Compressor | industrial air compressor | compressed air equipment | pressure and free-air-delivery selection | screw air compressor | diesel portable screw air compressor | diesel stationary screw air compressor | diesel piston air compressor | electric screw air compressor | variable-speed screw air compressor | VSD air compressor | stationary screw air compressor | kylc-580 screw air compressor | kylc-580 specifications | kylc-580/17cy diesel screw air compressor for industrial projects | free air delivery | working pressure | airend | air compressor maintenance,"required working pressure at the point of use | free-air-delivery demand and demand variation | electric versus diesel power availability | stationary versus portable installation | air quality, moisture and filtration requirement | ambient conditions, access and maintenance plan",requires-owner-confirmation
cp-126-compressed-air-equipment-zd10,compressed-air-equipment,Screw Air Compressor,ZD10,verified-model,mining and quarrying | water well drilling | rock drilling and blasting | road and infrastructure construction | manufacturing workshops | shipyards | equipment rental,Screw Air Compressor | ZD10 | ZD10 Screw Air Compressor | industrial air compressor | compressed air equipment | pressure and free-air-delivery selection | screw air compressor | electric screw air compressor | variable-speed screw air compressor | VSD air compressor | stationary screw air compressor | zd10 screw air compressor | zd10 specifications | zd10 screw air compressor for industrial projects | free air delivery | working pressure | airend | air compressor maintenance,"required working pressure at the point of use | free-air-delivery demand and demand variation | electric versus diesel power availability | stationary versus portable installation | air quality, moisture and filtration requirement | ambient conditions, access and maintenance plan",requires-owner-confirmation
cp-127-compressed-air-equipment-zd-31,compressed-air-equipment,/25 Diesel Screw Air Compressor,ZD-31,verified-model,mining and quarrying | water well drilling | rock drilling and blasting | road and infrastructure construction | manufacturing workshops | shipyards | equipment rental,/25 Diesel Screw Air Compressor | ZD-31 | ZD-31 /25 Diesel Screw Air Compressor | industrial air compressor | compressed air equipment | pressure and free-air-delivery selection | screw air compressor | diesel portable screw air compressor | diesel stationary screw air compressor | diesel piston air compressor | electric screw air compressor | variable-speed screw air compressor | VSD air compressor | stationary screw air compressor | zd-31 screw air compressor | zd-31 specifications | zd-31/25 diesel screw air compressor for industrial projects | free air delivery | working pressure | airend | air compressor maintenance,"required working pressure at the point of use | free-air-delivery demand and demand variation | electric versus diesel power availability | stationary versus portable installation | air quality, moisture and filtration requirement | ambient conditions, access and maintenance plan",requires-owner-confirmation
cp-133-compressed-air-equipment-lg10,compressed-air-equipment,Stationary Screw Air Compressor,LG10,verified-model,mining and quarrying | water well drilling | rock drilling and blasting | road and infrastructure construction | manufacturing workshops | shipyards | equipment rental,Stationary Screw Air Compressor | LG10 | LG10 Stationary Screw Air Compressor | industrial air compressor | compressed air equipment | pressure and free-air-delivery selection | screw air compressor | stationary screw air compressor | electric screw air compressor | variable-speed screw air compressor | VSD air compressor | lg10 screw air compressor | lg10 specifications | lg10 stationary screw air compressor for industrial projects | free air delivery | working pressure | airend | air compressor maintenance,"required working pressure at the point of use | free-air-delivery demand and demand variation | electric versus diesel power availability | stationary versus portable installation | air quality, moisture and filtration requirement | ambient conditions, access and maintenance plan",requires-owner-confirmation
cp-134-compressed-air-equipment-zd300-8,compressed-air-equipment,Diesel Portable Screw Air Compressor,ZD300-8,verified-model,mining and quarrying | water well drilling | rock drilling and blasting | road and infrastructure construction | manufacturing workshops | shipyards | equipment rental,Diesel Portable Screw Air Compressor | ZD300-8 | ZD300-8 Diesel Portable Screw Air Compressor | industrial air compressor | compressed air equipment | pressure and free-air-delivery selection | screw air compressor | portable screw air compressor | diesel portable screw air compressor | diesel stationary screw air compressor | diesel piston air compressor | electric screw air compressor | variable-speed screw air compressor | VSD air compressor | stationary screw air compressor | zd300-8 screw air compressor | zd300-8 specifications | zd300-8 diesel portable screw air compressor for industrial projects | free air delivery | working pressure | airend | air compressor maintenance,"required working pressure at the point of use | free-air-delivery demand and demand variation | electric versus diesel power availability | stationary versus portable installation | air quality, moisture and filtration requirement | ambient conditions, access and maintenance plan",requires-owner-confirmation
cp-082-generator-systems-bf-150kva,generator-systems,Silent Diesel Generator System,BF-150KVA,verified-model,construction sites | remote infrastructure | telecom backup | emergency power | industrial facilities | rental fleets | remote mining operations,Silent Diesel Generator System | BF-150KVA | BF-150KVA Silent Diesel Generator System | diesel generator | generator set | temporary power generator | prime power vs standby power | industrial generator | silent diesel generator | soundproof generator | open-frame diesel generator | mobile generator | bf-150kva diesel generator | bf-150kva specifications | bf-150kva silent diesel generator system for industrial projects | prime power generator | standby power generator,"prime, standby or continuous duty as defined for the project | running load, starting load and load steps | phase, voltage and frequency | ambient temperature and altitude | open-frame versus enclosed installation | fuel storage, service access, noise and local compliance requirements",requires-owner-confirmation
cp-083-generator-systems-zd-30,generator-systems,Silent Diesel Generator System,ZD-30,verified-model,construction sites | remote infrastructure | telecom backup | emergency power | industrial facilities | rental fleets | remote mining operations,Silent Diesel Generator System | ZD-30 | ZD-30 Silent Diesel Generator System | diesel generator | generator set | temporary power generator | prime power vs standby power | industrial generator | silent diesel generator | soundproof generator | open-frame diesel generator | mobile generator | zd-30 diesel generator | zd-30 specifications | zd-30 silent diesel generator system for industrial projects | prime power generator | standby power generator,"prime, standby or continuous duty as defined for the project | running load, starting load and load steps | phase, voltage and frequency | ambient temperature and altitude | open-frame versus enclosed installation | fuel storage, service access, noise and local compliance requirements",requires-owner-confirmation
cp-084-generator-systems-zd-20,generator-systems,Silent Diesel Generator System,ZD-20,verified-model,construction sites | remote infrastructure | telecom backup | emergency power | industrial facilities | rental fleets | remote mining operations,Silent Diesel Generator System | ZD-20 | ZD-20 Silent Diesel Generator System | diesel generator | generator set | temporary power generator | prime power vs standby power | industrial generator | silent diesel generator | soundproof generator | open-frame diesel generator | mobile generator | zd-20 diesel generator | zd-20 specifications | zd-20 silent diesel generator system for industrial projects | prime power generator | standby power generator,"prime, standby or continuous duty as defined for the project | running load, starting load and load steps | phase, voltage and frequency | ambient temperature and altitude | open-frame versus enclosed installation | fuel storage, service access, noise and local compliance requirements",requires-owner-confirmation
cp-085-generator-systems-zd-1000,generator-systems,Silent Diesel Generator System,ZD-1000,verified-model,construction sites | remote infrastructure | telecom backup | emergency power | industrial facilities | rental fleets | remote mining operations,Silent Diesel Generator System | ZD-1000 | ZD-1000 Silent Diesel Generator System | diesel generator | generator set | temporary power generator | prime power vs standby power | industrial generator | silent diesel generator | soundproof generator | open-frame diesel generator | mobile generator | zd-1000 diesel generator | zd-1000 specifications | zd-1000 silent diesel generator system for industrial projects | prime power generator | standby power generator,"prime, standby or continuous duty as defined for the project | running load, starting load and load steps | phase, voltage and frequency | ambient temperature and altitude | open-frame versus enclosed installation | fuel storage, service access, noise and local compliance requirements",requires-owner-confirmation
cp-086-generator-systems-zd-80,generator-systems,Diesel Generator System,ZD-80,verified-model,construction sites | remote infrastructure | telecom backup | emergency power | industrial facilities | rental fleets | remote mining operations,Diesel Generator System | ZD-80 | ZD-80 Diesel Generator System | diesel generator | generator set | temporary power generator | prime power vs standby power | industrial generator | silent diesel generator | soundproof generator | open-frame diesel generator | mobile generator | zd-80 diesel generator | zd-80 specifications | zd-80 diesel generator system for industrial projects | prime power generator | standby power generator,"prime, standby or continuous duty as defined for the project | running load, starting load and load steps | phase, voltage and frequency | ambient temperature and altitude | open-frame versus enclosed installation | fuel storage, service access, noise and local compliance requirements",requires-owner-confirmation
cp-087-generator-systems-diesel-generator-system,generator-systems,Diesel Generator System,,generic-series,construction sites | remote infrastructure | telecom backup | emergency power | industrial facilities | rental fleets | remote mining operations,Diesel Generator System | diesel generator | generator set | temporary power generator | prime power vs standby power | industrial generator | silent diesel generator | soundproof generator | open-frame diesel generator | mobile generator | diesel generator system for industrial projects | prime power generator | standby power generator,"prime, standby or continuous duty as defined for the project | running load, starting load and load steps | phase, voltage and frequency | ambient temperature and altitude | open-frame versus enclosed installation | fuel storage, service access, noise and local compliance requirements",requires-owner-confirmation
cp-106-generator-systems-ugt-1600,generator-systems,Diesel Mobile Generator System,UGT-1600,verified-model,construction sites | remote infrastructure | telecom backup | emergency power | industrial facilities | rental fleets | remote mining operations,Diesel Mobile Generator System | UGT-1600 | UGT-1600 Diesel Mobile Generator System | diesel generator | generator set | temporary power generator | prime power vs standby power | industrial generator | mobile generator | silent diesel generator | soundproof generator | open-frame diesel generator | ugt-1600 diesel generator | ugt-1600 specifications | ugt-1600 diesel mobile generator system for industrial projects | prime power generator | standby power generator,"prime, standby or continuous duty as defined for the project | running load, starting load and load steps | phase, voltage and frequency | ambient temperature and altitude | open-frame versus enclosed installation | fuel storage, service access, noise and local compliance requirements",requires-owner-confirmation
cp-107-generator-systems-ugt-4000lm,generator-systems,Diesel Generator System,UGT-4000LM,verified-model,construction sites | remote infrastructure | telecom backup | emergency power | industrial facilities | rental fleets | remote mining operations,Diesel Generator System | UGT-4000LM | UGT-4000LM Diesel Generator System | diesel generator | generator set | temporary power generator | prime power vs standby power | industrial generator | silent diesel generator | soundproof generator | open-frame diesel generator | mobile generator | ugt-4000lm diesel generator | ugt-4000lm specifications | ugt-4000lm diesel generator system for industrial projects | prime power generator | standby power generator,"prime, standby or continuous duty as defined for the project | running load, starting load and load steps | phase, voltage and frequency | ambient temperature and altitude | open-frame versus enclosed installation | fuel storage, service access, noise and local compliance requirements",requires-owner-confirmation
cp-108-generator-systems-ugt-4000-pm,generator-systems,Diesel Mobile Generator System,UGT-4000 PM,verified-model,construction sites | remote infrastructure | telecom backup | emergency power | industrial facilities | rental fleets | remote mining operations,Diesel Mobile Generator System | UGT-4000 PM | UGT-4000 PM Diesel Mobile Generator System | diesel generator | generator set | temporary power generator | prime power vs standby power | industrial generator | mobile generator | silent diesel generator | soundproof generator | open-frame diesel generator | ugt-4000 pm diesel generator | ugt-4000 pm specifications | ugt-4000 pm diesel mobile generator system for industrial projects | prime power generator | standby power generator,"prime, standby or continuous duty as defined for the project | running load, starting load and load steps | phase, voltage and frequency | ambient temperature and altitude | open-frame versus enclosed installation | fuel storage, service access, noise and local compliance requirements",requires-owner-confirmation
cp-131-generator-systems-zd-100kw-open-frame-diesel-generator-system,generator-systems,ZD-100kw Open-Frame Diesel Generator System,,generic-series,construction sites | remote infrastructure | telecom backup | emergency power | industrial facilities | rental fleets | remote mining operations,ZD-100kw Open-Frame Diesel Generator System | diesel generator | generator set | temporary power generator | prime power vs standby power | industrial generator | open-frame diesel generator | silent diesel generator | soundproof generator | mobile generator | zd-100kw open-frame diesel generator system for industrial projects | prime power generator | standby power generator,"prime, standby or continuous duty as defined for the project | running load, starting load and load steps | phase, voltage and frequency | ambient temperature and altitude | open-frame versus enclosed installation | fuel storage, service access, noise and local compliance requirements",requires-owner-confirmation
cp-088-drilling-equipment-fy300,drilling-equipment,Water-Well Drilling Rig,FY300,verified-model,water well drilling | agricultural irrigation | geothermal and ground-source projects | mining and quarrying | foundation and anchoring | geotechnical investigation | road and railway construction,Water-Well Drilling Rig | FY300 | FY300 Water-Well Drilling Rig | drilling rig | water well drilling rig | crawler drilling rig | DTH drilling equipment | DTH drilling rig | down-the-hole drilling rig | rock drilling rig | anchoring drilling rig | fy300 water well drilling rig | fy300 specifications | fy300 water-well drilling rig for industrial projects | drilling depth | hole diameter | drilling method,"drilling method and formation | planned hole diameter and depth | torque, rotation and feed/pull requirements | air versus mud circulation plan | terrain, transport and crawler mobility | compatible hammer, bit, rod and compressor/mud equipment",requires-owner-confirmation
cp-089-drilling-equipment-fy680,drilling-equipment,Drilling Rig,FY680,verified-model,water well drilling | agricultural irrigation | geothermal and ground-source projects | mining and quarrying | foundation and anchoring | geotechnical investigation | road and railway construction,Drilling Rig | FY680 | FY680 Drilling Rig | drilling rig | water well drilling rig | crawler drilling rig | DTH drilling equipment | DTH drilling rig | down-the-hole drilling rig | rock drilling rig | anchoring drilling rig | fy680 water well drilling rig | fy680 specifications | fy680 drilling rig for industrial projects | drilling depth | hole diameter | drilling method,"drilling method and formation | planned hole diameter and depth | torque, rotation and feed/pull requirements | air versus mud circulation plan | terrain, transport and crawler mobility | compatible hammer, bit, rod and compressor/mud equipment",requires-owner-confirmation
cp-090-drilling-equipment-ht500,drilling-equipment,Crawler Drilling Rig,HT500,verified-model,water well drilling | agricultural irrigation | geothermal and ground-source projects | mining and quarrying | foundation and anchoring | geotechnical investigation | road and railway construction,Crawler Drilling Rig | HT500 | HT500 Crawler Drilling Rig | drilling rig | water well drilling rig | crawler drilling rig | DTH drilling equipment | DTH drilling rig | down-the-hole drilling rig | rock drilling rig | anchoring drilling rig | ht500 water well drilling rig | ht500 specifications | ht500 crawler drilling rig for industrial projects | drilling depth | hole diameter | drilling method,"drilling method and formation | planned hole diameter and depth | torque, rotation and feed/pull requirements | air versus mud circulation plan | terrain, transport and crawler mobility | compatible hammer, bit, rod and compressor/mud equipment",requires-owner-confirmation
cp-091-drilling-equipment-kh103,drilling-equipment,Drilling Rig,KH103,verified-model,water well drilling | agricultural irrigation | geothermal and ground-source projects | mining and quarrying | foundation and anchoring | geotechnical investigation | road and railway construction,Drilling Rig | KH103 | KH103 Drilling Rig | drilling rig | water well drilling rig | crawler drilling rig | DTH drilling equipment | DTH drilling rig | down-the-hole drilling rig | rock drilling rig | anchoring drilling rig | kh103 water well drilling rig | kh103 specifications | kh103 drilling rig for industrial projects | drilling depth | hole diameter | drilling method,"drilling method and formation | planned hole diameter and depth | torque, rotation and feed/pull requirements | air versus mud circulation plan | terrain, transport and crawler mobility | compatible hammer, bit, rod and compressor/mud equipment",requires-owner-confirmation
cp-092-drilling-equipment-kh612,drilling-equipment,DTH Crawler Drilling Rig,KH612,verified-model,water well drilling | agricultural irrigation | geothermal and ground-source projects | mining and quarrying | foundation and anchoring | geotechnical investigation | road and railway construction,DTH Crawler Drilling Rig | KH612 | KH612 DTH Crawler Drilling Rig | drilling rig | water well drilling rig | crawler drilling rig | DTH drilling equipment | DTH drilling rig | down-the-hole drilling rig | rock drilling rig | anchoring drilling rig | kh612 water well drilling rig | kh612 specifications | kh612 dth crawler drilling rig for industrial projects | drilling depth | hole diameter | drilling method,"drilling method and formation | planned hole diameter and depth | torque, rotation and feed/pull requirements | air versus mud circulation plan | terrain, transport and crawler mobility | compatible hammer, bit, rod and compressor/mud equipment",requires-owner-confirmation
cp-093-drilling-equipment-kh712,drilling-equipment,DTH Drilling Rig,KH712,verified-model,water well drilling | agricultural irrigation | geothermal and ground-source projects | mining and quarrying | foundation and anchoring | geotechnical investigation | road and railway construction,DTH Drilling Rig | KH712 | KH712 DTH Drilling Rig | drilling rig | water well drilling rig | crawler drilling rig | DTH drilling equipment | DTH drilling rig | down-the-hole drilling rig | rock drilling rig | anchoring drilling rig | kh712 water well drilling rig | kh712 specifications | kh712 dth drilling rig for industrial projects | drilling depth | hole diameter | drilling method,"drilling method and formation | planned hole diameter and depth | torque, rotation and feed/pull requirements | air versus mud circulation plan | terrain, transport and crawler mobility | compatible hammer, bit, rod and compressor/mud equipment",requires-owner-confirmation
cp-094-drilling-equipment-zdd100,drilling-equipment,DTH Drilling Rig,ZDD100,duplicate,water well drilling | agricultural irrigation | geothermal and ground-source projects | mining and quarrying | foundation and anchoring | geotechnical investigation | road and railway construction,DTH Drilling Rig | ZDD100 | ZDD100 DTH Drilling Rig | drilling rig | water well drilling rig | crawler drilling rig | DTH drilling equipment | DTH drilling rig | down-the-hole drilling rig | rock drilling rig | anchoring drilling rig | zdd100 water well drilling rig | zdd100 specifications | zdd100 dth drilling rig for industrial projects | drilling depth | hole diameter | drilling method,"drilling method and formation | planned hole diameter and depth | torque, rotation and feed/pull requirements | air versus mud circulation plan | terrain, transport and crawler mobility | compatible hammer, bit, rod and compressor/mud equipment",requires-owner-confirmation
cp-122-drilling-equipment-fy260,drilling-equipment,Water-Well Drilling Rig,FY260,verified-model,water well drilling | agricultural irrigation | geothermal and ground-source projects | mining and quarrying | foundation and anchoring | geotechnical investigation | road and railway construction,Water-Well Drilling Rig | FY260 | FY260 Water-Well Drilling Rig | drilling rig | water well drilling rig | crawler drilling rig | DTH drilling equipment | DTH drilling rig | down-the-hole drilling rig | rock drilling rig | anchoring drilling rig | fy260 water well drilling rig | fy260 specifications | fy260 water-well drilling rig for industrial projects | drilling depth | hole diameter | drilling method,"drilling method and formation | planned hole diameter and depth | torque, rotation and feed/pull requirements | air versus mud circulation plan | terrain, transport and crawler mobility | compatible hammer, bit, rod and compressor/mud equipment",requires-owner-confirmation
cp-124-drilling-equipment-cs110,drilling-equipment,Anchoring Hydraulic Drilling Rig,CS110,verified-model,water well drilling | agricultural irrigation | geothermal and ground-source projects | mining and quarrying | foundation and anchoring | geotechnical investigation | road and railway construction,Anchoring Hydraulic Drilling Rig | CS110 | CS110 Anchoring Hydraulic Drilling Rig | drilling rig | water well drilling rig | crawler drilling rig | DTH drilling equipment | DTH drilling rig | anchoring drilling rig | hydraulic drilling rig | down-the-hole drilling rig | rock drilling rig | cs110 water well drilling rig | cs110 specifications | cs110 anchoring hydraulic drilling rig for industrial projects | drilling depth | hole diameter | drilling method,"drilling method and formation | planned hole diameter and depth | torque, rotation and feed/pull requirements | air versus mud circulation plan | terrain, transport and crawler mobility | compatible hammer, bit, rod and compressor/mud equipment",requires-owner-confirmation
cp-132-drilling-equipment-fy450,drilling-equipment,Water-Well Drilling Rig,FY450,verified-model,water well drilling | agricultural irrigation | geothermal and ground-source projects | mining and quarrying | foundation and anchoring | geotechnical investigation | road and railway construction,Water-Well Drilling Rig | FY450 | FY450 Water-Well Drilling Rig | drilling rig | water well drilling rig | crawler drilling rig | DTH drilling equipment | DTH drilling rig | down-the-hole drilling rig | rock drilling rig | anchoring drilling rig | fy450 water well drilling rig | fy450 specifications | fy450 water-well drilling rig for industrial projects | drilling depth | hole diameter | drilling method,"drilling method and formation | planned hole diameter and depth | torque, rotation and feed/pull requirements | air versus mud circulation plan | terrain, transport and crawler mobility | compatible hammer, bit, rod and compressor/mud equipment",requires-owner-confirmation
cp-135-drilling-equipment-fyl200,drilling-equipment,Water-Well Rock Drilling Rig,FYL200,verified-model,water well drilling | agricultural irrigation | geothermal and ground-source projects | mining and quarrying | foundation and anchoring | geotechnical investigation | road and railway construction,Water-Well Rock Drilling Rig | FYL200 | FYL200 Water-Well Rock Drilling Rig | drilling rig | water well drilling rig | crawler drilling rig | DTH drilling equipment | DTH drilling rig | rock drilling rig | down-the-hole drilling rig | anchoring drilling rig | fyl200 water well drilling rig | fyl200 specifications | fyl200 water-well rock drilling rig for industrial projects | drilling depth | hole diameter | drilling method,"drilling method and formation | planned hole diameter and depth | torque, rotation and feed/pull requirements | air versus mud circulation plan | terrain, transport and crawler mobility | compatible hammer, bit, rod and compressor/mud equipment",requires-owner-confirmation
cp-095-drilling-consumables-yt24,drilling-consumables,Drilling Tool,YT24,verified-model,water well drilling | mining and quarrying | foundation and anchoring | geotechnical investigation | road and railway construction | rock drilling,Drilling Tool | YT24 | YT24 Drilling Tool | drilling tool | drilling consumable | DTH hammer and bit matching | drill pipe compatibility | DTH hammer | DTH drill bit | drill pipe | pneumatic rock drill | button bit | tapered button bit | yt24 drilling tool | yt24 specifications | yt24 drilling tool for industrial projects | tool compatibility | replacement drilling tools | drilling consumables,drilling method | rig and hammer interface | hole diameter | rock formation and abrasiveness | air pressure and flow where applicable | thread/shank compatibility | wear life and safe replacement practice,requires-owner-confirmation
cp-096-drilling-consumables-y24,drilling-consumables,Drilling Tool,Y24,verified-model,water well drilling | mining and quarrying | foundation and anchoring | geotechnical investigation | road and railway construction | rock drilling,Drilling Tool | Y24 | Y24 Drilling Tool | drilling tool | drilling consumable | DTH hammer and bit matching | drill pipe compatibility | DTH hammer | DTH drill bit | drill pipe | pneumatic rock drill | button bit | tapered button bit | y24 drilling tool | y24 specifications | y24 drilling tool for industrial projects | tool compatibility | replacement drilling tools | drilling consumables,drilling method | rig and hammer interface | hole diameter | rock formation and abrasiveness | air pressure and flow where applicable | thread/shank compatibility | wear life and safe replacement practice,requires-owner-confirmation
cp-097-drilling-consumables-button-bit-drilling-tool,drilling-consumables,Button Bit Drilling Tool,,generic-series,water well drilling | mining and quarrying | foundation and anchoring | geotechnical investigation | road and railway construction | rock drilling,Button Bit Drilling Tool | drilling tool | drilling consumable | DTH hammer and bit matching | drill pipe compatibility | DTH hammer | DTH drill bit | button bit | drill pipe | pneumatic rock drill | tapered button bit | button bit drilling tool for industrial projects | tool compatibility | replacement drilling tools | drilling consumables,drilling method | rig and hammer interface | hole diameter | rock formation and abrasiveness | air pressure and flow where applicable | thread/shank compatibility | wear life and safe replacement practice,requires-owner-confirmation
cp-098-drilling-consumables-drill-bit-drilling-tool,drilling-consumables,Drill Bit Drilling Tool,,duplicate,water well drilling | mining and quarrying | foundation and anchoring | geotechnical investigation | road and railway construction | rock drilling,Drill Bit Drilling Tool | drilling tool | drilling consumable | DTH hammer and bit matching | drill pipe compatibility | DTH hammer | DTH drill bit | drill pipe | pneumatic rock drill | button bit | tapered button bit | drill bit drilling tool for industrial projects | tool compatibility | replacement drilling tools | drilling consumables,drilling method | rig and hammer interface | hole diameter | rock formation and abrasiveness | air pressure and flow where applicable | thread/shank compatibility | wear life and safe replacement practice,requires-owner-confirmation
cp-099-drilling-consumables-zd-89,drilling-consumables,Drilling Tool,ZD-89,verified-model,water well drilling | mining and quarrying | foundation and anchoring | geotechnical investigation | road and railway construction | rock drilling,Drilling Tool | ZD-89 | ZD-89 Drilling Tool | drilling tool | drilling consumable | DTH hammer and bit matching | drill pipe compatibility | DTH hammer | DTH drill bit | drill pipe | pneumatic rock drill | button bit | tapered button bit | zd-89 drilling tool | zd-89 specifications | zd-89 drilling tool for industrial projects | tool compatibility | replacement drilling tools | drilling consumables,drilling method | rig and hammer interface | hole diameter | rock formation and abrasiveness | air pressure and flow where applicable | thread/shank compatibility | wear life and safe replacement practice,requires-owner-confirmation
cp-100-drilling-consumables-drill-pipe-drilling-tool,drilling-consumables,Drill Pipe Drilling Tool,,generic-series,water well drilling | mining and quarrying | foundation and anchoring | geotechnical investigation | road and railway construction | rock drilling,Drill Pipe Drilling Tool | drilling tool | drilling consumable | DTH hammer and bit matching | drill pipe compatibility | DTH hammer | DTH drill bit | drill pipe | pneumatic rock drill | button bit | tapered button bit | drill pipe drilling tool for industrial projects | tool compatibility | replacement drilling tools | drilling consumables,drilling method | rig and hammer interface | hole diameter | rock formation and abrasiveness | air pressure and flow where applicable | thread/shank compatibility | wear life and safe replacement practice,requires-owner-confirmation
cp-101-drilling-consumables-dth-hammer-drilling-tool,drilling-consumables,DTH Hammer Drilling Tool,,generic-series,water well drilling | mining and quarrying | foundation and anchoring | geotechnical investigation | road and railway construction | rock drilling,DTH Hammer Drilling Tool | drilling tool | drilling consumable | DTH hammer and bit matching | drill pipe compatibility | DTH hammer | DTH drill bit | drill pipe | pneumatic rock drill | button bit | tapered button bit | dth hammer drilling tool for industrial projects | tool compatibility | replacement drilling tools | drilling consumables,drilling method | rig and hammer interface | hole diameter | rock formation and abrasiveness | air pressure and flow where applicable | thread/shank compatibility | wear life and safe replacement practice,requires-owner-confirmation
cp-102-drilling-consumables-ql60,drilling-consumables,DTH Hammer Drilling Tool,QL60,requires-owner-confirmation,water well drilling | mining and quarrying | foundation and anchoring | geotechnical investigation | road and railway construction | rock drilling,DTH Hammer Drilling Tool | QL60 | QL60 DTH Hammer Drilling Tool | drilling tool | drilling consumable | DTH hammer and bit matching | drill pipe compatibility | DTH hammer | DTH drill bit | drill pipe | pneumatic rock drill | button bit | tapered button bit | ql60 drilling tool | ql60 specifications | ql60 dth hammer drilling tool for industrial projects | tool compatibility | replacement drilling tools | drilling consumables,drilling method | rig and hammer interface | hole diameter | rock formation and abrasiveness | air pressure and flow where applicable | thread/shank compatibility | wear life and safe replacement practice,requires-owner-confirmation
cp-120-drilling-consumables-yt27,drilling-consumables,Drilling Tool,YT27,verified-model,water well drilling | mining and quarrying | foundation and anchoring | geotechnical investigation | road and railway construction | rock drilling,Drilling Tool | YT27 | YT27 Drilling Tool | drilling tool | drilling consumable | DTH hammer and bit matching | drill pipe compatibility | DTH hammer | DTH drill bit | drill pipe | pneumatic rock drill | button bit | tapered button bit | yt27 drilling tool | yt27 specifications | yt27 drilling tool for industrial projects | tool compatibility | replacement drilling tools | drilling consumables,drilling method | rig and hammer interface | hole diameter | rock formation and abrasiveness | air pressure and flow where applicable | thread/shank compatibility | wear life and safe replacement practice,requires-owner-confirmation
cp-121-drilling-consumables-yt29a,drilling-consumables,Drilling Tool,YT29A,verified-model,water well drilling | mining and quarrying | foundation and anchoring | geotechnical investigation | road and railway construction | rock drilling,Drilling Tool | YT29A | YT29A Drilling Tool | drilling tool | drilling consumable | DTH hammer and bit matching | drill pipe compatibility | DTH hammer | DTH drill bit | drill pipe | pneumatic rock drill | button bit | tapered button bit | yt29a drilling tool | yt29a specifications | yt29a drilling tool for industrial projects | tool compatibility | replacement drilling tools | drilling consumables,drilling method | rig and hammer interface | hole diameter | rock formation and abrasiveness | air pressure and flow where applicable | thread/shank compatibility | wear life and safe replacement practice,requires-owner-confirmation
cp-123-drilling-consumables-yo20,drilling-consumables,Drilling Tool,YO20,requires-owner-confirmation,water well drilling | mining and quarrying | foundation and anchoring | geotechnical investigation | road and railway construction | rock drilling,Drilling Tool | YO20 | YO20 Drilling Tool | drilling tool | drilling consumable | DTH hammer and bit matching | drill pipe compatibility | DTH hammer | DTH drill bit | drill pipe | pneumatic rock drill | button bit | tapered button bit | yo20 drilling tool | yo20 specifications | yo20 drilling tool for industrial projects | tool compatibility | replacement drilling tools | drilling consumables,drilling method | rig and hammer interface | hole diameter | rock formation and abrasiveness | air pressure and flow where applicable | thread/shank compatibility | wear life and safe replacement practice,requires-owner-confirmation
cp-128-drilling-consumables-yt28,drilling-consumables,Drilling Tool,YT28,verified-model,water well drilling | mining and quarrying | foundation and anchoring | geotechnical investigation | road and railway construction | rock drilling,Drilling Tool | YT28 | YT28 Drilling Tool | drilling tool | drilling consumable | DTH hammer and bit matching | drill pipe compatibility | DTH hammer | DTH drill bit | drill pipe | pneumatic rock drill | button bit | tapered button bit | yt28 drilling tool | yt28 specifications | yt28 drilling tool for industrial projects | tool compatibility | replacement drilling tools | drilling consumables,drilling method | rig and hammer interface | hole diameter | rock formation and abrasiveness | air pressure and flow where applicable | thread/shank compatibility | wear life and safe replacement practice,requires-owner-confirmation
cp-129-drilling-consumables-yo18,drilling-consumables,Drilling Tool,YO18,verified-model,water well drilling | mining and quarrying | foundation and anchoring | geotechnical investigation | road and railway construction | rock drilling,Drilling Tool | YO18 | YO18 Drilling Tool | drilling tool | drilling consumable | DTH hammer and bit matching | drill pipe compatibility | DTH hammer | DTH drill bit | drill pipe | pneumatic rock drill | button bit | tapered button bit | yo18 drilling tool | yo18 specifications | yo18 drilling tool for industrial projects | tool compatibility | replacement drilling tools | drilling consumables,drilling method | rig and hammer interface | hole diameter | rock formation and abrasiveness | air pressure and flow where applicable | thread/shank compatibility | wear life and safe replacement practice,requires-owner-confirmation
cp-130-drilling-consumables-drilling-tool,drilling-consumables,Drilling Tool,,generic-series,water well drilling | mining and quarrying | foundation and anchoring | geotechnical investigation | road and railway construction | rock drilling,Drilling Tool | drilling tool | drilling consumable | DTH hammer and bit matching | drill pipe compatibility | DTH hammer | DTH drill bit | drill pipe | pneumatic rock drill | button bit | tapered button bit | drilling tool for industrial projects | tool compatibility | replacement drilling tools | drilling consumables,drilling method | rig and hammer interface | hole diameter | rock formation and abrasiveness | air pressure and flow where applicable | thread/shank compatibility | wear life and safe replacement practice,requires-owner-confirmation
cp-037-mobile-lighting-systems-tower-ust300l-solar-mobile-light-tower,mobile-lighting-systems,TOWER-UST300L Solar Mobile Light Tower,,generic-series,construction sites | roadworks | mining sites | remote camps | emergency response | event lighting | security and CCTV monitoring | rental fleets,TOWER-UST300L Solar Mobile Light Tower | mobile light tower | temporary site lighting | solar diesel battery hybrid light tower | solar mobile light tower | mobile lighting tower | solar light tower | solar surveillance tower | solar CCTV trailer | diesel light tower | hybrid light tower | battery mobile light tower | tower-ust300l solar mobile light tower for industrial projects | mast height | lighting output | battery runtime,"required work-area illumination and glare control | night-time operating duration | solar availability, shading and seasonal conditions | diesel, battery, solar or hybrid operating strategy | mast height, coverage study and wind/site constraints | trailer transport, levelling, service access and local road rules",requires-owner-confirmation
cp-038-mobile-lighting-systems-ust600l,mobile-lighting-systems,Solar Mobile Light Tower,UST600L,verified-model,construction sites | roadworks | mining sites | remote camps | emergency response | event lighting | security and CCTV monitoring | rental fleets,Solar Mobile Light Tower | UST600L | UST600L Solar Mobile Light Tower | mobile light tower | temporary site lighting | solar diesel battery hybrid light tower | solar mobile light tower | mobile lighting tower | solar light tower | solar surveillance tower | solar CCTV trailer | diesel light tower | hybrid light tower | battery mobile light tower | ust600l solar mobile light tower | ust600l specifications | ust600l solar mobile light tower for industrial projects | mast height | lighting output | battery runtime,"required work-area illumination and glare control | night-time operating duration | solar availability, shading and seasonal conditions | diesel, battery, solar or hybrid operating strategy | mast height, coverage study and wind/site constraints | trailer transport, levelling, service access and local road rules",requires-owner-confirmation
cp-039-mobile-lighting-systems-site-ust900l-solar-mobile-light-tower,mobile-lighting-systems,SITE-UST900L Solar Mobile Light Tower,,generic-series,construction sites | roadworks | mining sites | remote camps | emergency response | event lighting | security and CCTV monitoring | rental fleets,SITE-UST900L Solar Mobile Light Tower | mobile light tower | temporary site lighting | solar diesel battery hybrid light tower | solar mobile light tower | mobile lighting tower | solar light tower | solar surveillance tower | solar CCTV trailer | diesel light tower | hybrid light tower | battery mobile light tower | site-ust900l solar mobile light tower for industrial projects | mast height | lighting output | battery runtime,"required work-area illumination and glare control | night-time operating duration | solar availability, shading and seasonal conditions | diesel, battery, solar or hybrid operating strategy | mast height, coverage study and wind/site constraints | trailer transport, levelling, service access and local road rules",requires-owner-confirmation
cp-040-mobile-lighting-systems-tower-ust1200l-solar-mobile-light-tower,mobile-lighting-systems,TOWER-UST1200L Solar Mobile Light Tower,,generic-series,construction sites | roadworks | mining sites | remote camps | emergency response | event lighting | security and CCTV monitoring | rental fleets,TOWER-UST1200L Solar Mobile Light Tower | mobile light tower | temporary site lighting | solar diesel battery hybrid light tower | solar mobile light tower | mobile lighting tower | solar light tower | solar surveillance tower | solar CCTV trailer | diesel light tower | hybrid light tower | battery mobile light tower | tower-ust1200l solar mobile light tower for industrial projects | mast height | lighting output | battery runtime,"required work-area illumination and glare control | night-time operating duration | solar availability, shading and seasonal conditions | diesel, battery, solar or hybrid operating strategy | mast height, coverage study and wind/site constraints | trailer transport, levelling, service access and local road rules",requires-owner-confirmation
cp-041-mobile-lighting-systems-tower-ust1800l-solar-mobile-light-tower,mobile-lighting-systems,TOWER-UST1800L Solar Mobile Light Tower,,generic-series,construction sites | roadworks | mining sites | remote camps | emergency response | event lighting | security and CCTV monitoring | rental fleets,TOWER-UST1800L Solar Mobile Light Tower | mobile light tower | temporary site lighting | solar diesel battery hybrid light tower | solar mobile light tower | mobile lighting tower | solar light tower | solar surveillance tower | solar CCTV trailer | diesel light tower | hybrid light tower | battery mobile light tower | tower-ust1800l solar mobile light tower for industrial projects | mast height | lighting output | battery runtime,"required work-area illumination and glare control | night-time operating duration | solar availability, shading and seasonal conditions | diesel, battery, solar or hybrid operating strategy | mast height, coverage study and wind/site constraints | trailer transport, levelling, service access and local road rules",requires-owner-confirmation
cp-042-mobile-lighting-systems-tower-ust2400l-solar-mobile-light-tower,mobile-lighting-systems,TOWER-UST2400L Solar Mobile Light Tower,,generic-series,construction sites | roadworks | mining sites | remote camps | emergency response | event lighting | security and CCTV monitoring | rental fleets,TOWER-UST2400L Solar Mobile Light Tower | mobile light tower | temporary site lighting | solar diesel battery hybrid light tower | solar mobile light tower | mobile lighting tower | solar light tower | solar surveillance tower | solar CCTV trailer | diesel light tower | hybrid light tower | battery mobile light tower | tower-ust2400l solar mobile light tower for industrial projects | mast height | lighting output | battery runtime,"required work-area illumination and glare control | night-time operating duration | solar availability, shading and seasonal conditions | diesel, battery, solar or hybrid operating strategy | mast height, coverage study and wind/site constraints | trailer transport, levelling, service access and local road rules",requires-owner-confirmation
cp-043-mobile-lighting-systems-solar-mobile-light-tower,mobile-lighting-systems,Solar Mobile Light Tower,,generic-series,construction sites | roadworks | mining sites | remote camps | emergency response | event lighting | security and CCTV monitoring | rental fleets,Solar Mobile Light Tower | mobile light tower | temporary site lighting | solar diesel battery hybrid light tower | solar mobile light tower | mobile lighting tower | solar light tower | solar surveillance tower | solar CCTV trailer | diesel light tower | hybrid light tower | battery mobile light tower | solar mobile light tower for industrial projects | mast height | lighting output | battery runtime,"required work-area illumination and glare control | night-time operating duration | solar availability, shading and seasonal conditions | diesel, battery, solar or hybrid operating strategy | mast height, coverage study and wind/site constraints | trailer transport, levelling, service access and local road rules",requires-owner-confirmation
cp-044-mobile-lighting-systems-ust-300s,mobile-lighting-systems,Solar Surveillance Mobile Light Tower,UST-300S,duplicate,construction sites | roadworks | mining sites | remote camps | emergency response | event lighting | security and CCTV monitoring | rental fleets,Solar Surveillance Mobile Light Tower | UST-300S | UST-300S Solar Surveillance Mobile Light Tower | mobile light tower | temporary site lighting | solar diesel battery hybrid light tower | solar mobile light tower | mobile lighting tower | solar light tower | solar surveillance tower | solar CCTV trailer | diesel light tower | hybrid light tower | battery mobile light tower | ust-300s solar mobile light tower | ust-300s specifications | ust-300s solar surveillance mobile light tower for industrial projects | mast height | lighting output | battery runtime,"required work-area illumination and glare control | night-time operating duration | solar availability, shading and seasonal conditions | diesel, battery, solar or hybrid operating strategy | mast height, coverage study and wind/site constraints | trailer transport, levelling, service access and local road rules",requires-owner-confirmation
cp-045-mobile-lighting-systems-ust-600s,mobile-lighting-systems,Solar Surveillance Mobile Light Tower,UST-600S,duplicate,construction sites | roadworks | mining sites | remote camps | emergency response | event lighting | security and CCTV monitoring | rental fleets,Solar Surveillance Mobile Light Tower | UST-600S | UST-600S Solar Surveillance Mobile Light Tower | mobile light tower | temporary site lighting | solar diesel battery hybrid light tower | solar mobile light tower | mobile lighting tower | solar light tower | solar surveillance tower | solar CCTV trailer | diesel light tower | hybrid light tower | battery mobile light tower | ust-600s solar mobile light tower | ust-600s specifications | ust-600s solar surveillance mobile light tower for industrial projects | mast height | lighting output | battery runtime,"required work-area illumination and glare control | night-time operating duration | solar availability, shading and seasonal conditions | diesel, battery, solar or hybrid operating strategy | mast height, coverage study and wind/site constraints | trailer transport, levelling, service access and local road rules",requires-owner-confirmation
cp-046-mobile-lighting-systems-ust-900s,mobile-lighting-systems,Solar Surveillance Mobile Light Tower,UST-900S,duplicate,construction sites | roadworks | mining sites | remote camps | emergency response | event lighting | security and CCTV monitoring | rental fleets,Solar Surveillance Mobile Light Tower | UST-900S | UST-900S Solar Surveillance Mobile Light Tower | mobile light tower | temporary site lighting | solar diesel battery hybrid light tower | solar mobile light tower | mobile lighting tower | solar light tower | solar surveillance tower | solar CCTV trailer | diesel light tower | hybrid light tower | battery mobile light tower | ust-900s solar mobile light tower | ust-900s specifications | ust-900s solar surveillance mobile light tower for industrial projects | mast height | lighting output | battery runtime,"required work-area illumination and glare control | night-time operating duration | solar availability, shading and seasonal conditions | diesel, battery, solar or hybrid operating strategy | mast height, coverage study and wind/site constraints | trailer transport, levelling, service access and local road rules",requires-owner-confirmation
cp-047-mobile-lighting-systems-ust1200,mobile-lighting-systems,Solar Surveillance Mobile Light Tower,UST1200,verified-model,construction sites | roadworks | mining sites | remote camps | emergency response | event lighting | security and CCTV monitoring | rental fleets,Solar Surveillance Mobile Light Tower | UST1200 | UST1200 Solar Surveillance Mobile Light Tower | mobile light tower | temporary site lighting | solar diesel battery hybrid light tower | solar mobile light tower | mobile lighting tower | solar light tower | solar surveillance tower | solar CCTV trailer | diesel light tower | hybrid light tower | battery mobile light tower | ust1200 solar mobile light tower | ust1200 specifications | ust1200 solar surveillance mobile light tower for industrial projects | mast height | lighting output | battery runtime,"required work-area illumination and glare control | night-time operating duration | solar availability, shading and seasonal conditions | diesel, battery, solar or hybrid operating strategy | mast height, coverage study and wind/site constraints | trailer transport, levelling, service access and local road rules",requires-owner-confirmation
cp-048-mobile-lighting-systems-block-ubt300s-solar-surveillance-mobile-light-to,mobile-lighting-systems,BLOCK-UBT300S Solar Surveillance Mobile Light Tower,,generic-series,construction sites | roadworks | mining sites | remote camps | emergency response | event lighting | security and CCTV monitoring | rental fleets,BLOCK-UBT300S Solar Surveillance Mobile Light Tower | mobile light tower | temporary site lighting | solar diesel battery hybrid light tower | solar mobile light tower | mobile lighting tower | solar light tower | solar surveillance tower | solar CCTV trailer | diesel light tower | hybrid light tower | battery mobile light tower | block-ubt300s solar surveillance mobile light tower for industrial projects | mast height | lighting output | battery runtime,"required work-area illumination and glare control | night-time operating duration | solar availability, shading and seasonal conditions | diesel, battery, solar or hybrid operating strategy | mast height, coverage study and wind/site constraints | trailer transport, levelling, service access and local road rules",requires-owner-confirmation
cp-049-mobile-lighting-systems-solar-surveillance-mobile-light-tower,mobile-lighting-systems,Solar Surveillance Mobile Light Tower,,generic-series,construction sites | roadworks | mining sites | remote camps | emergency response | event lighting | security and CCTV monitoring | rental fleets,Solar Surveillance Mobile Light Tower | mobile light tower | temporary site lighting | solar diesel battery hybrid light tower | solar mobile light tower | mobile lighting tower | solar light tower | solar surveillance tower | solar CCTV trailer | diesel light tower | hybrid light tower | battery mobile light tower | solar surveillance mobile light tower for industrial projects | mast height | lighting output | battery runtime,"required work-area illumination and glare control | night-time operating duration | solar availability, shading and seasonal conditions | diesel, battery, solar or hybrid operating strategy | mast height, coverage study and wind/site constraints | trailer transport, levelling, service access and local road rules",requires-owner-confirmation
cp-050-mobile-lighting-systems-ugt-10ql,mobile-lighting-systems,Mobile Light Tower,UGT-10QL,verified-model,construction sites | roadworks | mining sites | remote camps | emergency response | event lighting | security and CCTV monitoring | rental fleets,Mobile Light Tower | UGT-10QL | UGT-10QL Mobile Light Tower | mobile light tower | temporary site lighting | solar diesel battery hybrid light tower | solar mobile light tower | mobile lighting tower | solar light tower | diesel light tower | hybrid light tower | battery mobile light tower | ugt-10ql solar mobile light tower | ugt-10ql specifications | ugt-10ql mobile light tower for industrial projects | mast height | lighting output | battery runtime,"required work-area illumination and glare control | night-time operating duration | solar availability, shading and seasonal conditions | diesel, battery, solar or hybrid operating strategy | mast height, coverage study and wind/site constraints | trailer transport, levelling, service access and local road rules",requires-owner-confirmation
cp-051-mobile-lighting-systems-ugt-1600,mobile-lighting-systems,Diesel Mobile Light Tower,UGT-1600,verified-model,construction sites | roadworks | mining sites | remote camps | emergency response | event lighting | security and CCTV monitoring | rental fleets,Diesel Mobile Light Tower | UGT-1600 | UGT-1600 Diesel Mobile Light Tower | mobile light tower | temporary site lighting | solar diesel battery hybrid light tower | solar mobile light tower | mobile lighting tower | diesel light tower | solar light tower | hybrid light tower | battery mobile light tower | ugt-1600 solar mobile light tower | ugt-1600 specifications | ugt-1600 diesel mobile light tower for industrial projects | mast height | lighting output | battery runtime,"required work-area illumination and glare control | night-time operating duration | solar availability, shading and seasonal conditions | diesel, battery, solar or hybrid operating strategy | mast height, coverage study and wind/site constraints | trailer transport, levelling, service access and local road rules",requires-owner-confirmation
cp-052-mobile-lighting-systems-gdq5a-4r,mobile-lighting-systems,Diesel Mobile Light Tower,GDQ5A-4R,verified-model,construction sites | roadworks | mining sites | remote camps | emergency response | event lighting | security and CCTV monitoring | rental fleets,Diesel Mobile Light Tower | GDQ5A-4R | GDQ5A-4R Diesel Mobile Light Tower | mobile light tower | temporary site lighting | solar diesel battery hybrid light tower | solar mobile light tower | mobile lighting tower | diesel light tower | solar light tower | hybrid light tower | battery mobile light tower | gdq5a-4r solar mobile light tower | gdq5a-4r specifications | gdq5a-4r diesel mobile light tower for industrial projects | mast height | lighting output | battery runtime,"required work-area illumination and glare control | night-time operating duration | solar availability, shading and seasonal conditions | diesel, battery, solar or hybrid operating strategy | mast height, coverage study and wind/site constraints | trailer transport, levelling, service access and local road rules",requires-owner-confirmation
cp-053-mobile-lighting-systems-ugt4000pled,mobile-lighting-systems,Diesel Mobile Light Tower,UGT4000PLED,verified-model,construction sites | roadworks | mining sites | remote camps | emergency response | event lighting | security and CCTV monitoring | rental fleets,Diesel Mobile Light Tower | UGT4000PLED | UGT4000PLED Diesel Mobile Light Tower | mobile light tower | temporary site lighting | solar diesel battery hybrid light tower | solar mobile light tower | mobile lighting tower | diesel light tower | solar light tower | hybrid light tower | battery mobile light tower | ugt4000pled solar mobile light tower | ugt4000pled specifications | ugt4000pled diesel mobile light tower for industrial projects | mast height | lighting output | battery runtime,"required work-area illumination and glare control | night-time operating duration | solar availability, shading and seasonal conditions | diesel, battery, solar or hybrid operating strategy | mast height, coverage study and wind/site constraints | trailer transport, levelling, service access and local road rules",requires-owner-confirmation
cp-054-mobile-lighting-systems-ugt4000pmh,mobile-lighting-systems,Diesel Mobile Light Tower,UGT4000PMH,verified-model,construction sites | roadworks | mining sites | remote camps | emergency response | event lighting | security and CCTV monitoring | rental fleets,Diesel Mobile Light Tower | UGT4000PMH | UGT4000PMH Diesel Mobile Light Tower | mobile light tower | temporary site lighting | solar diesel battery hybrid light tower | solar mobile light tower | mobile lighting tower | diesel light tower | solar light tower | hybrid light tower | battery mobile light tower | ugt4000pmh solar mobile light tower | ugt4000pmh specifications | ugt4000pmh diesel mobile light tower for industrial projects | mast height | lighting output | battery runtime,"required work-area illumination and glare control | night-time operating duration | solar availability, shading and seasonal conditions | diesel, battery, solar or hybrid operating strategy | mast height, coverage study and wind/site constraints | trailer transport, levelling, service access and local road rules",requires-owner-confirmation
cp-055-mobile-lighting-systems-ugt-7000pled,mobile-lighting-systems,Diesel Mobile Light Tower,UGT-7000PLED,verified-model,construction sites | roadworks | mining sites | remote camps | emergency response | event lighting | security and CCTV monitoring | rental fleets,Diesel Mobile Light Tower | UGT-7000PLED | UGT-7000PLED Diesel Mobile Light Tower | mobile light tower | temporary site lighting | solar diesel battery hybrid light tower | solar mobile light tower | mobile lighting tower | diesel light tower | solar light tower | hybrid light tower | battery mobile light tower | ugt-7000pled solar mobile light tower | ugt-7000pled specifications | ugt-7000pled diesel mobile light tower for industrial projects | mast height | lighting output | battery runtime,"required work-area illumination and glare control | night-time operating duration | solar availability, shading and seasonal conditions | diesel, battery, solar or hybrid operating strategy | mast height, coverage study and wind/site constraints | trailer transport, levelling, service access and local road rules",requires-owner-confirmation
cp-056-mobile-lighting-systems-x-cube-x-cube-hybrid,mobile-lighting-systems,Diesel Mobile Light Tower,X-CUBE X-CUBE HYBRID,verified-model,construction sites | roadworks | mining sites | remote camps | emergency response | event lighting | security and CCTV monitoring | rental fleets,Diesel Mobile Light Tower | X-CUBE X-CUBE HYBRID | X-CUBE X-CUBE HYBRID Diesel Mobile Light Tower | mobile light tower | temporary site lighting | solar diesel battery hybrid light tower | solar mobile light tower | mobile lighting tower | diesel light tower | hybrid light tower | solar light tower | battery mobile light tower | x-cube x-cube hybrid solar mobile light tower | x-cube x-cube hybrid specifications | x-cube x-cube hybrid diesel mobile light tower for industrial projects | mast height | lighting output | battery runtime,"required work-area illumination and glare control | night-time operating duration | solar availability, shading and seasonal conditions | diesel, battery, solar or hybrid operating strategy | mast height, coverage study and wind/site constraints | trailer transport, levelling, service access and local road rules",requires-owner-confirmation
cp-057-mobile-lighting-systems-trailers-uht7000pled-mobile-light-tower,mobile-lighting-systems,TRAILERS-UHT7000PLED Mobile Light Tower,,generic-series,construction sites | roadworks | mining sites | remote camps | emergency response | event lighting | security and CCTV monitoring | rental fleets,TRAILERS-UHT7000PLED Mobile Light Tower | mobile light tower | temporary site lighting | solar diesel battery hybrid light tower | solar mobile light tower | mobile lighting tower | solar light tower | diesel light tower | hybrid light tower | battery mobile light tower | trailers-uht7000pled mobile light tower for industrial projects | mast height | lighting output | battery runtime,"required work-area illumination and glare control | night-time operating duration | solar availability, shading and seasonal conditions | diesel, battery, solar or hybrid operating strategy | mast height, coverage study and wind/site constraints | trailer transport, levelling, service access and local road rules",requires-owner-confirmation
cp-058-mobile-lighting-systems-t-720ap,mobile-lighting-systems,Solar Surveillance Mobile Light Tower,T-720AP,verified-model,construction sites | roadworks | mining sites | remote camps | emergency response | event lighting | security and CCTV monitoring | rental fleets,Solar Surveillance Mobile Light Tower | T-720AP | T-720AP Solar Surveillance Mobile Light Tower | mobile light tower | temporary site lighting | solar diesel battery hybrid light tower | solar mobile light tower | mobile lighting tower | solar light tower | solar surveillance tower | solar CCTV trailer | diesel light tower | hybrid light tower | battery mobile light tower | t-720ap solar mobile light tower | t-720ap specifications | t-720ap solar surveillance mobile light tower for industrial projects | mast height | lighting output | battery runtime,"required work-area illumination and glare control | night-time operating duration | solar availability, shading and seasonal conditions | diesel, battery, solar or hybrid operating strategy | mast height, coverage study and wind/site constraints | trailer transport, levelling, service access and local road rules",requires-owner-confirmation
cp-059-mobile-lighting-systems-uni-t1,mobile-lighting-systems,Solar Surveillance Mobile Light Tower,UNI-T1,verified-model,construction sites | roadworks | mining sites | remote camps | emergency response | event lighting | security and CCTV monitoring | rental fleets,Solar Surveillance Mobile Light Tower | UNI-T1 | UNI-T1 Solar Surveillance Mobile Light Tower | mobile light tower | temporary site lighting | solar diesel battery hybrid light tower | solar mobile light tower | mobile lighting tower | solar light tower | solar surveillance tower | solar CCTV trailer | diesel light tower | hybrid light tower | battery mobile light tower | uni-t1 solar mobile light tower | uni-t1 specifications | uni-t1 solar surveillance mobile light tower for industrial projects | mast height | lighting output | battery runtime,"required work-area illumination and glare control | night-time operating duration | solar availability, shading and seasonal conditions | diesel, battery, solar or hybrid operating strategy | mast height, coverage study and wind/site constraints | trailer transport, levelling, service access and local road rules",requires-owner-confirmation
cp-060-mobile-lighting-systems-ust-600,mobile-lighting-systems,Solar Surveillance Mobile Light Tower,UST-600,verified-model,construction sites | roadworks | mining sites | remote camps | emergency response | event lighting | security and CCTV monitoring | rental fleets,Solar Surveillance Mobile Light Tower | UST-600 | UST-600 Solar Surveillance Mobile Light Tower | mobile light tower | temporary site lighting | solar diesel battery hybrid light tower | solar mobile light tower | mobile lighting tower | solar light tower | solar surveillance tower | solar CCTV trailer | diesel light tower | hybrid light tower | battery mobile light tower | ust-600 solar mobile light tower | ust-600 specifications | ust-600 solar surveillance mobile light tower for industrial projects | mast height | lighting output | battery runtime,"required work-area illumination and glare control | night-time operating duration | solar availability, shading and seasonal conditions | diesel, battery, solar or hybrid operating strategy | mast height, coverage study and wind/site constraints | trailer transport, levelling, service access and local road rules",requires-owner-confirmation
cp-061-mobile-lighting-systems-uni-t2a,mobile-lighting-systems,Solar Surveillance Mobile Light Tower,UNI-T2A,verified-model,construction sites | roadworks | mining sites | remote camps | emergency response | event lighting | security and CCTV monitoring | rental fleets,Solar Surveillance Mobile Light Tower | UNI-T2A | UNI-T2A Solar Surveillance Mobile Light Tower | mobile light tower | temporary site lighting | solar diesel battery hybrid light tower | solar mobile light tower | mobile lighting tower | solar light tower | solar surveillance tower | solar CCTV trailer | diesel light tower | hybrid light tower | battery mobile light tower | uni-t2a solar mobile light tower | uni-t2a specifications | uni-t2a solar surveillance mobile light tower for industrial projects | mast height | lighting output | battery runtime,"required work-area illumination and glare control | night-time operating duration | solar availability, shading and seasonal conditions | diesel, battery, solar or hybrid operating strategy | mast height, coverage study and wind/site constraints | trailer transport, levelling, service access and local road rules",requires-owner-confirmation
cp-062-mobile-lighting-systems-uni-t2c,mobile-lighting-systems,Solar Surveillance Mobile Light Tower,UNI-T2C,verified-model,construction sites | roadworks | mining sites | remote camps | emergency response | event lighting | security and CCTV monitoring | rental fleets,Solar Surveillance Mobile Light Tower | UNI-T2C | UNI-T2C Solar Surveillance Mobile Light Tower | mobile light tower | temporary site lighting | solar diesel battery hybrid light tower | solar mobile light tower | mobile lighting tower | solar light tower | solar surveillance tower | solar CCTV trailer | diesel light tower | hybrid light tower | battery mobile light tower | uni-t2c solar mobile light tower | uni-t2c specifications | uni-t2c solar surveillance mobile light tower for industrial projects | mast height | lighting output | battery runtime,"required work-area illumination and glare control | night-time operating duration | solar availability, shading and seasonal conditions | diesel, battery, solar or hybrid operating strategy | mast height, coverage study and wind/site constraints | trailer transport, levelling, service access and local road rules",requires-owner-confirmation
cp-063-mobile-lighting-systems-uni-t2h,mobile-lighting-systems,Solar Surveillance Mobile Light Tower,UNI-T2H,verified-model,construction sites | roadworks | mining sites | remote camps | emergency response | event lighting | security and CCTV monitoring | rental fleets,Solar Surveillance Mobile Light Tower | UNI-T2H | UNI-T2H Solar Surveillance Mobile Light Tower | mobile light tower | temporary site lighting | solar diesel battery hybrid light tower | solar mobile light tower | mobile lighting tower | solar light tower | solar surveillance tower | solar CCTV trailer | diesel light tower | hybrid light tower | battery mobile light tower | uni-t2h solar mobile light tower | uni-t2h specifications | uni-t2h solar surveillance mobile light tower for industrial projects | mast height | lighting output | battery runtime,"required work-area illumination and glare control | night-time operating duration | solar availability, shading and seasonal conditions | diesel, battery, solar or hybrid operating strategy | mast height, coverage study and wind/site constraints | trailer transport, levelling, service access and local road rules",requires-owner-confirmation
cp-064-mobile-lighting-systems-ust-1200s,mobile-lighting-systems,Solar Surveillance Mobile Light Tower,UST-1200S,duplicate,construction sites | roadworks | mining sites | remote camps | emergency response | event lighting | security and CCTV monitoring | rental fleets,Solar Surveillance Mobile Light Tower | UST-1200S | UST-1200S Solar Surveillance Mobile Light Tower | mobile light tower | temporary site lighting | solar diesel battery hybrid light tower | solar mobile light tower | mobile lighting tower | solar light tower | solar surveillance tower | solar CCTV trailer | diesel light tower | hybrid light tower | battery mobile light tower | ust-1200s solar mobile light tower | ust-1200s specifications | ust-1200s solar surveillance mobile light tower for industrial projects | mast height | lighting output | battery runtime,"required work-area illumination and glare control | night-time operating duration | solar availability, shading and seasonal conditions | diesel, battery, solar or hybrid operating strategy | mast height, coverage study and wind/site constraints | trailer transport, levelling, service access and local road rules",requires-owner-confirmation
cp-103-mobile-lighting-systems-ult-900,mobile-lighting-systems,Solar Mobile Light Tower,ULT-900,verified-model,construction sites | roadworks | mining sites | remote camps | emergency response | event lighting | security and CCTV monitoring | rental fleets,Solar Mobile Light Tower | ULT-900 | ULT-900 Solar Mobile Light Tower | mobile light tower | temporary site lighting | solar diesel battery hybrid light tower | solar mobile light tower | mobile lighting tower | solar light tower | solar surveillance tower | solar CCTV trailer | diesel light tower | hybrid light tower | battery mobile light tower | ult-900 solar mobile light tower | ult-900 specifications | ult-900 solar mobile light tower for industrial projects | mast height | lighting output | battery runtime,"required work-area illumination and glare control | night-time operating duration | solar availability, shading and seasonal conditions | diesel, battery, solar or hybrid operating strategy | mast height, coverage study and wind/site constraints | trailer transport, levelling, service access and local road rules",requires-owner-confirmation
cp-104-mobile-lighting-systems-ult-1200,mobile-lighting-systems,Battery Mobile Light Tower,ULT-1200,verified-model,construction sites | roadworks | mining sites | remote camps | emergency response | event lighting | security and CCTV monitoring | rental fleets,Battery Mobile Light Tower | ULT-1200 | ULT-1200 Battery Mobile Light Tower | mobile light tower | temporary site lighting | solar diesel battery hybrid light tower | solar mobile light tower | mobile lighting tower | battery mobile light tower | solar light tower | diesel light tower | hybrid light tower | ult-1200 solar mobile light tower | ult-1200 specifications | ult-1200 battery mobile light tower for industrial projects | mast height | lighting output | battery runtime,"required work-area illumination and glare control | night-time operating duration | solar availability, shading and seasonal conditions | diesel, battery, solar or hybrid operating strategy | mast height, coverage study and wind/site constraints | trailer transport, levelling, service access and local road rules",requires-owner-confirmation
cp-105-mobile-lighting-systems-ust1800,mobile-lighting-systems,Solar Mobile Light Tower,UST1800,verified-model,construction sites | roadworks | mining sites | remote camps | emergency response | event lighting | security and CCTV monitoring | rental fleets,Solar Mobile Light Tower | UST1800 | UST1800 Solar Mobile Light Tower | mobile light tower | temporary site lighting | solar diesel battery hybrid light tower | solar mobile light tower | mobile lighting tower | solar light tower | solar surveillance tower | solar CCTV trailer | diesel light tower | hybrid light tower | battery mobile light tower | ust1800 solar mobile light tower | ust1800 specifications | ust1800 solar mobile light tower for industrial projects | mast height | lighting output | battery runtime,"required work-area illumination and glare control | night-time operating duration | solar availability, shading and seasonal conditions | diesel, battery, solar or hybrid operating strategy | mast height, coverage study and wind/site constraints | trailer transport, levelling, service access and local road rules",requires-owner-confirmation
cp-109-mobile-lighting-systems-ust-900l,mobile-lighting-systems,Solar Hybrid Mobile Light Tower,UST-900L,verified-model,construction sites | roadworks | mining sites | remote camps | emergency response | event lighting | security and CCTV monitoring | rental fleets,Solar Hybrid Mobile Light Tower | UST-900L | UST-900L Solar Hybrid Mobile Light Tower | mobile light tower | temporary site lighting | solar diesel battery hybrid light tower | solar mobile light tower | mobile lighting tower | solar light tower | hybrid light tower | solar surveillance tower | solar CCTV trailer | diesel light tower | battery mobile light tower | ust-900l solar mobile light tower | ust-900l specifications | ust-900l solar hybrid mobile light tower for industrial projects | mast height | lighting output | battery runtime,"required work-area illumination and glare control | night-time operating duration | solar availability, shading and seasonal conditions | diesel, battery, solar or hybrid operating strategy | mast height, coverage study and wind/site constraints | trailer transport, levelling, service access and local road rules",requires-owner-confirmation
cp-110-mobile-lighting-systems-gts-1200,mobile-lighting-systems,Solar Hybrid Mobile Light Tower,GTS-1200,verified-model,construction sites | roadworks | mining sites | remote camps | emergency response | event lighting | security and CCTV monitoring | rental fleets,Solar Hybrid Mobile Light Tower | GTS-1200 | GTS-1200 Solar Hybrid Mobile Light Tower | mobile light tower | temporary site lighting | solar diesel battery hybrid light tower | solar mobile light tower | mobile lighting tower | solar light tower | hybrid light tower | solar surveillance tower | solar CCTV trailer | diesel light tower | battery mobile light tower | gts-1200 solar mobile light tower | gts-1200 specifications | gts-1200 solar hybrid mobile light tower for industrial projects | mast height | lighting output | battery runtime,"required work-area illumination and glare control | night-time operating duration | solar availability, shading and seasonal conditions | diesel, battery, solar or hybrid operating strategy | mast height, coverage study and wind/site constraints | trailer transport, levelling, service access and local road rules",requires-owner-confirmation
cp-001-magnetic-separators-rcyd,magnetic-separators,Automatic-Discharge Permanent Magnetic Separator,RCYD,requires-owner-confirmation,mining and mineral processing | aggregate and quarrying | cement | coal handling | recycling and waste sorting | scrap metal processing | food and grain processing | plastics and chemicals | power plants and bulk material handling,Automatic-Discharge Permanent Magnetic Separator | RCYD | RCYD Automatic-Discharge Permanent Magnetic Separator | magnetic separation equipment | tramp iron removal | material separation equipment | magnetic separator | permanent magnetic separator | magnetic pulley | magnetic roller | magnetic filter | magnetic grid | magnetic rod | magnetic trap | electromagnetic separator | suspended magnetic separator | self-cleaning magnetic separator | self-unloading magnetic separator | rcyd magnetic separator | rcyd specifications | rcyd automatic-discharge permanent magnetic separator for industrial projects | mineral processing magnetic separation | recycling sorting equipment,"ferrous versus nonferrous recovery or tramp-metal removal objective | permanent versus electromagnetic field requirement | manual-clean versus self-cleaning duty | belt width, burden depth, suspension height and speed for conveyor installations | dry versus wet feed condition | particle size, liberation, capacity and material-flow behavior | food/process hygiene requirements only where independently verified",requires-owner-confirmation
cp-002-magnetic-separators-rcdd,magnetic-separators,Electromagnetic Magnetic Separator,RCDD,requires-owner-confirmation,mining and mineral processing | aggregate and quarrying | cement | coal handling | recycling and waste sorting | scrap metal processing | food and grain processing | plastics and chemicals | power plants and bulk material handling,Electromagnetic Magnetic Separator | RCDD | RCDD Electromagnetic Magnetic Separator | magnetic separation equipment | tramp iron removal | material separation equipment | magnetic separator | permanent magnetic separator | electromagnetic separator | magnetic pulley | magnetic roller | magnetic filter | magnetic grid | magnetic rod | magnetic trap | suspended magnetic separator | self-cleaning magnetic separator | self-unloading magnetic separator | rcdd magnetic separator | rcdd specifications | rcdd electromagnetic magnetic separator for industrial projects | mineral processing magnetic separation | recycling sorting equipment,"ferrous versus nonferrous recovery or tramp-metal removal objective | permanent versus electromagnetic field requirement | manual-clean versus self-cleaning duty | belt width, burden depth, suspension height and speed for conveyor installations | dry versus wet feed condition | particle size, liberation, capacity and material-flow behavior | food/process hygiene requirements only where independently verified",requires-owner-confirmation
cp-003-magnetic-separators-rcyb,magnetic-separators,Permanent Magnetic Separator,RCYB,requires-owner-confirmation,mining and mineral processing | aggregate and quarrying | cement | coal handling | recycling and waste sorting | scrap metal processing | food and grain processing | plastics and chemicals | power plants and bulk material handling,Permanent Magnetic Separator | RCYB | RCYB Permanent Magnetic Separator | magnetic separation equipment | tramp iron removal | material separation equipment | magnetic separator | permanent magnetic separator | magnetic pulley | magnetic roller | magnetic filter | magnetic grid | magnetic rod | magnetic trap | electromagnetic separator | suspended magnetic separator | self-cleaning magnetic separator | self-unloading magnetic separator | rcyb magnetic separator | rcyb specifications | rcyb permanent magnetic separator for industrial projects | mineral processing magnetic separation | recycling sorting equipment,"ferrous versus nonferrous recovery or tramp-metal removal objective | permanent versus electromagnetic field requirement | manual-clean versus self-cleaning duty | belt width, burden depth, suspension height and speed for conveyor installations | dry versus wet feed condition | particle size, liberation, capacity and material-flow behavior | food/process hygiene requirements only where independently verified",requires-owner-confirmation
cp-004-magnetic-separators-rcdb,magnetic-separators,Electromagnetic Magnetic Separator,RCDB,requires-owner-confirmation,mining and mineral processing | aggregate and quarrying | cement | coal handling | recycling and waste sorting | scrap metal processing | food and grain processing | plastics and chemicals | power plants and bulk material handling,Electromagnetic Magnetic Separator | RCDB | RCDB Electromagnetic Magnetic Separator | magnetic separation equipment | tramp iron removal | material separation equipment | magnetic separator | permanent magnetic separator | electromagnetic separator | magnetic pulley | magnetic roller | magnetic filter | magnetic grid | magnetic rod | magnetic trap | suspended magnetic separator | self-cleaning magnetic separator | self-unloading magnetic separator | rcdb magnetic separator | rcdb specifications | rcdb electromagnetic magnetic separator for industrial projects | mineral processing magnetic separation | recycling sorting equipment,"ferrous versus nonferrous recovery or tramp-metal removal objective | permanent versus electromagnetic field requirement | manual-clean versus self-cleaning duty | belt width, burden depth, suspension height and speed for conveyor installations | dry versus wet feed condition | particle size, liberation, capacity and material-flow behavior | food/process hygiene requirements only where independently verified",requires-owner-confirmation
cp-005-magnetic-separators-magnetic-separator,magnetic-separators,Magnetic Separator,,duplicate,mining and mineral processing | aggregate and quarrying | cement | coal handling | recycling and waste sorting | scrap metal processing | food and grain processing | plastics and chemicals | power plants and bulk material handling,Magnetic Separator | magnetic separation equipment | tramp iron removal | material separation equipment | magnetic separator | permanent magnetic separator | magnetic pulley | magnetic roller | magnetic filter | magnetic grid | magnetic rod | magnetic trap | electromagnetic separator | suspended magnetic separator | self-cleaning magnetic separator | self-unloading magnetic separator | magnetic separator for industrial projects | mineral processing magnetic separation | recycling sorting equipment,"ferrous versus nonferrous recovery or tramp-metal removal objective | permanent versus electromagnetic field requirement | manual-clean versus self-cleaning duty | belt width, burden depth, suspension height and speed for conveyor installations | dry versus wet feed condition | particle size, liberation, capacity and material-flow behavior | food/process hygiene requirements only where independently verified",requires-owner-confirmation
cp-006-magnetic-separators-dry-drum-magnetic-separator,magnetic-separators,Dry Drum Magnetic Separator,,generic-series,mining and mineral processing | aggregate and quarrying | cement | coal handling | recycling and waste sorting | scrap metal processing | food and grain processing | plastics and chemicals | power plants and bulk material handling,Dry Drum Magnetic Separator | magnetic separation equipment | tramp iron removal | material separation equipment | magnetic separator | permanent magnetic separator | dry drum magnetic separator | dry magnetic separator | magnetic pulley | magnetic roller | magnetic filter | magnetic grid | magnetic rod | magnetic trap | electromagnetic separator | suspended magnetic separator | self-cleaning magnetic separator | self-unloading magnetic separator | dry drum magnetic separator for industrial projects | mineral processing magnetic separation | recycling sorting equipment,"ferrous versus nonferrous recovery or tramp-metal removal objective | permanent versus electromagnetic field requirement | manual-clean versus self-cleaning duty | belt width, burden depth, suspension height and speed for conveyor installations | dry versus wet feed condition | particle size, liberation, capacity and material-flow behavior | food/process hygiene requirements only where independently verified",requires-owner-confirmation
cp-007-magnetic-separators-wet-drum-magnetic-separator,magnetic-separators,Wet Drum Magnetic Separator,,generic-series,mining and mineral processing | aggregate and quarrying | cement | coal handling | recycling and waste sorting | scrap metal processing | food and grain processing | plastics and chemicals | power plants and bulk material handling,Wet Drum Magnetic Separator | magnetic separation equipment | tramp iron removal | material separation equipment | magnetic separator | permanent magnetic separator | wet drum magnetic separator | wet magnetic separator | magnetic pulley | magnetic roller | magnetic filter | magnetic grid | magnetic rod | magnetic trap | electromagnetic separator | suspended magnetic separator | self-cleaning magnetic separator | self-unloading magnetic separator | wet drum magnetic separator for industrial projects | mineral processing magnetic separation | recycling sorting equipment,"ferrous versus nonferrous recovery or tramp-metal removal objective | permanent versus electromagnetic field requirement | manual-clean versus self-cleaning duty | belt width, burden depth, suspension height and speed for conveyor installations | dry versus wet feed condition | particle size, liberation, capacity and material-flow behavior | food/process hygiene requirements only where independently verified",requires-owner-confirmation
cp-008-magnetic-separators-wet-magnetic-separator,magnetic-separators,Wet Magnetic Separator,,duplicate,mining and mineral processing | aggregate and quarrying | cement | coal handling | recycling and waste sorting | scrap metal processing | food and grain processing | plastics and chemicals | power plants and bulk material handling,Wet Magnetic Separator | magnetic separation equipment | tramp iron removal | material separation equipment | magnetic separator | permanent magnetic separator | wet drum magnetic separator | wet magnetic separator | magnetic pulley | magnetic roller | magnetic filter | magnetic grid | magnetic rod | magnetic trap | electromagnetic separator | suspended magnetic separator | self-cleaning magnetic separator | self-unloading magnetic separator | wet magnetic separator for industrial projects | mineral processing magnetic separation | recycling sorting equipment,"ferrous versus nonferrous recovery or tramp-metal removal objective | permanent versus electromagnetic field requirement | manual-clean versus self-cleaning duty | belt width, burden depth, suspension height and speed for conveyor installations | dry versus wet feed condition | particle size, liberation, capacity and material-flow behavior | food/process hygiene requirements only where independently verified",requires-owner-confirmation
cp-009-magnetic-separators-drum-magnetic-separator,magnetic-separators,Drum Magnetic Separator,,duplicate,mining and mineral processing | aggregate and quarrying | cement | coal handling | recycling and waste sorting | scrap metal processing | food and grain processing | plastics and chemicals | power plants and bulk material handling,Drum Magnetic Separator | magnetic separation equipment | tramp iron removal | material separation equipment | magnetic separator | permanent magnetic separator | magnetic pulley | magnetic roller | magnetic filter | magnetic grid | magnetic rod | magnetic trap | electromagnetic separator | suspended magnetic separator | self-cleaning magnetic separator | self-unloading magnetic separator | drum magnetic separator for industrial projects | mineral processing magnetic separation | recycling sorting equipment,"ferrous versus nonferrous recovery or tramp-metal removal objective | permanent versus electromagnetic field requirement | manual-clean versus self-cleaning duty | belt width, burden depth, suspension height and speed for conveyor installations | dry versus wet feed condition | particle size, liberation, capacity and material-flow behavior | food/process hygiene requirements only where independently verified",requires-owner-confirmation
cp-010-magnetic-separators-dry-magnetic-separator,magnetic-separators,Dry Magnetic Separator,,duplicate,mining and mineral processing | aggregate and quarrying | cement | coal handling | recycling and waste sorting | scrap metal processing | food and grain processing | plastics and chemicals | power plants and bulk material handling,Dry Magnetic Separator | magnetic separation equipment | tramp iron removal | material separation equipment | magnetic separator | permanent magnetic separator | dry drum magnetic separator | dry magnetic separator | magnetic pulley | magnetic roller | magnetic filter | magnetic grid | magnetic rod | magnetic trap | electromagnetic separator | suspended magnetic separator | self-cleaning magnetic separator | self-unloading magnetic separator | dry magnetic separator for industrial projects | mineral processing magnetic separation | recycling sorting equipment,"ferrous versus nonferrous recovery or tramp-metal removal objective | permanent versus electromagnetic field requirement | manual-clean versus self-cleaning duty | belt width, burden depth, suspension height and speed for conveyor installations | dry versus wet feed condition | particle size, liberation, capacity and material-flow behavior | food/process hygiene requirements only where independently verified",requires-owner-confirmation
cp-011-magnetic-separators-rcda,magnetic-separators,Electromagnetic Magnetic Separator,RCDA,requires-owner-confirmation,mining and mineral processing | aggregate and quarrying | cement | coal handling | recycling and waste sorting | scrap metal processing | food and grain processing | plastics and chemicals | power plants and bulk material handling,Electromagnetic Magnetic Separator | RCDA | RCDA Electromagnetic Magnetic Separator | magnetic separation equipment | tramp iron removal | material separation equipment | magnetic separator | permanent magnetic separator | electromagnetic separator | magnetic pulley | magnetic roller | magnetic filter | magnetic grid | magnetic rod | magnetic trap | suspended magnetic separator | self-cleaning magnetic separator | self-unloading magnetic separator | rcda magnetic separator | rcda specifications | rcda electromagnetic magnetic separator for industrial projects | mineral processing magnetic separation | recycling sorting equipment,"ferrous versus nonferrous recovery or tramp-metal removal objective | permanent versus electromagnetic field requirement | manual-clean versus self-cleaning duty | belt width, burden depth, suspension height and speed for conveyor installations | dry versus wet feed condition | particle size, liberation, capacity and material-flow behavior | food/process hygiene requirements only where independently verified",requires-owner-confirmation
cp-012-magnetic-separators-rcdc,magnetic-separators,Automatic-Discharge Electromagnetic Magnetic Separator,RCDC,requires-owner-confirmation,mining and mineral processing | aggregate and quarrying | cement | coal handling | recycling and waste sorting | scrap metal processing | food and grain processing | plastics and chemicals | power plants and bulk material handling,Automatic-Discharge Electromagnetic Magnetic Separator | RCDC | RCDC Automatic-Discharge Electromagnetic Magnetic Separator | magnetic separation equipment | tramp iron removal | material separation equipment | magnetic separator | permanent magnetic separator | electromagnetic separator | magnetic pulley | magnetic roller | magnetic filter | magnetic grid | magnetic rod | magnetic trap | suspended magnetic separator | self-cleaning magnetic separator | self-unloading magnetic separator | rcdc magnetic separator | rcdc specifications | rcdc automatic-discharge electromagnetic magnetic separator for industrial projects | mineral processing magnetic separation | recycling sorting equipment,"ferrous versus nonferrous recovery or tramp-metal removal objective | permanent versus electromagnetic field requirement | manual-clean versus self-cleaning duty | belt width, burden depth, suspension height and speed for conveyor installations | dry versus wet feed condition | particle size, liberation, capacity and material-flow behavior | food/process hygiene requirements only where independently verified",requires-owner-confirmation
cp-013-magnetic-separators-rcde,magnetic-separators,Electromagnetic Magnetic Separator,RCDE,requires-owner-confirmation,mining and mineral processing | aggregate and quarrying | cement | coal handling | recycling and waste sorting | scrap metal processing | food and grain processing | plastics and chemicals | power plants and bulk material handling,Electromagnetic Magnetic Separator | RCDE | RCDE Electromagnetic Magnetic Separator | magnetic separation equipment | tramp iron removal | material separation equipment | magnetic separator | permanent magnetic separator | electromagnetic separator | magnetic pulley | magnetic roller | magnetic filter | magnetic grid | magnetic rod | magnetic trap | suspended magnetic separator | self-cleaning magnetic separator | self-unloading magnetic separator | rcde magnetic separator | rcde specifications | rcde electromagnetic magnetic separator for industrial projects | mineral processing magnetic separation | recycling sorting equipment,"ferrous versus nonferrous recovery or tramp-metal removal objective | permanent versus electromagnetic field requirement | manual-clean versus self-cleaning duty | belt width, burden depth, suspension height and speed for conveyor installations | dry versus wet feed condition | particle size, liberation, capacity and material-flow behavior | food/process hygiene requirements only where independently verified",requires-owner-confirmation
cp-014-magnetic-separators-rcdf,magnetic-separators,Automatic-Discharge Electromagnetic Magnetic Separator,RCDF,requires-owner-confirmation,mining and mineral processing | aggregate and quarrying | cement | coal handling | recycling and waste sorting | scrap metal processing | food and grain processing | plastics and chemicals | power plants and bulk material handling,Automatic-Discharge Electromagnetic Magnetic Separator | RCDF | RCDF Automatic-Discharge Electromagnetic Magnetic Separator | magnetic separation equipment | tramp iron removal | material separation equipment | magnetic separator | permanent magnetic separator | electromagnetic separator | magnetic pulley | magnetic roller | magnetic filter | magnetic grid | magnetic rod | magnetic trap | suspended magnetic separator | self-cleaning magnetic separator | self-unloading magnetic separator | rcdf magnetic separator | rcdf specifications | rcdf automatic-discharge electromagnetic magnetic separator for industrial projects | mineral processing magnetic separation | recycling sorting equipment,"ferrous versus nonferrous recovery or tramp-metal removal objective | permanent versus electromagnetic field requirement | manual-clean versus self-cleaning duty | belt width, burden depth, suspension height and speed for conveyor installations | dry versus wet feed condition | particle size, liberation, capacity and material-flow behavior | food/process hygiene requirements only where independently verified",requires-owner-confirmation
cp-015-magnetic-separators-rcdfj,magnetic-separators,Automatic-Discharge Electromagnetic Magnetic Separator,RCDFJ,requires-owner-confirmation,mining and mineral processing | aggregate and quarrying | cement | coal handling | recycling and waste sorting | scrap metal processing | food and grain processing | plastics and chemicals | power plants and bulk material handling,Automatic-Discharge Electromagnetic Magnetic Separator | RCDFJ | RCDFJ Automatic-Discharge Electromagnetic Magnetic Separator | magnetic separation equipment | tramp iron removal | material separation equipment | magnetic separator | permanent magnetic separator | electromagnetic separator | magnetic pulley | magnetic roller | magnetic filter | magnetic grid | magnetic rod | magnetic trap | suspended magnetic separator | self-cleaning magnetic separator | self-unloading magnetic separator | rcdfj magnetic separator | rcdfj specifications | rcdfj automatic-discharge electromagnetic magnetic separator for industrial projects | mineral processing magnetic separation | recycling sorting equipment,"ferrous versus nonferrous recovery or tramp-metal removal objective | permanent versus electromagnetic field requirement | manual-clean versus self-cleaning duty | belt width, burden depth, suspension height and speed for conveyor installations | dry versus wet feed condition | particle size, liberation, capacity and material-flow behavior | food/process hygiene requirements only where independently verified",requires-owner-confirmation
cp-016-magnetic-separators-rcps,magnetic-separators,Automatic-Discharge Permanent Magnetic Separator,RCPS,requires-owner-confirmation,mining and mineral processing | aggregate and quarrying | cement | coal handling | recycling and waste sorting | scrap metal processing | food and grain processing | plastics and chemicals | power plants and bulk material handling,Automatic-Discharge Permanent Magnetic Separator | RCPS | RCPS Automatic-Discharge Permanent Magnetic Separator | magnetic separation equipment | tramp iron removal | material separation equipment | magnetic separator | permanent magnetic separator | magnetic pulley | magnetic roller | magnetic filter | magnetic grid | magnetic rod | magnetic trap | electromagnetic separator | suspended magnetic separator | self-cleaning magnetic separator | self-unloading magnetic separator | rcps magnetic separator | rcps specifications | rcps automatic-discharge permanent magnetic separator for industrial projects | mineral processing magnetic separation | recycling sorting equipment,"ferrous versus nonferrous recovery or tramp-metal removal objective | permanent versus electromagnetic field requirement | manual-clean versus self-cleaning duty | belt width, burden depth, suspension height and speed for conveyor installations | dry versus wet feed condition | particle size, liberation, capacity and material-flow behavior | food/process hygiene requirements only where independently verified",requires-owner-confirmation
cp-017-magnetic-separators-rcya,magnetic-separators,Permanent Magnetic Separator,RCYA,requires-owner-confirmation,mining and mineral processing | aggregate and quarrying | cement | coal handling | recycling and waste sorting | scrap metal processing | food and grain processing | plastics and chemicals | power plants and bulk material handling,Permanent Magnetic Separator | RCYA | RCYA Permanent Magnetic Separator | magnetic separation equipment | tramp iron removal | material separation equipment | magnetic separator | permanent magnetic separator | magnetic pulley | magnetic roller | magnetic filter | magnetic grid | magnetic rod | magnetic trap | electromagnetic separator | suspended magnetic separator | self-cleaning magnetic separator | self-unloading magnetic separator | rcya magnetic separator | rcya specifications | rcya permanent magnetic separator for industrial projects | mineral processing magnetic separation | recycling sorting equipment,"ferrous versus nonferrous recovery or tramp-metal removal objective | permanent versus electromagnetic field requirement | manual-clean versus self-cleaning duty | belt width, burden depth, suspension height and speed for conveyor installations | dry versus wet feed condition | particle size, liberation, capacity and material-flow behavior | food/process hygiene requirements only where independently verified",requires-owner-confirmation
cp-018-magnetic-separators-rcydii,magnetic-separators,Automatic-Discharge Permanent Magnetic Separator,RCYDII,requires-owner-confirmation,mining and mineral processing | aggregate and quarrying | cement | coal handling | recycling and waste sorting | scrap metal processing | food and grain processing | plastics and chemicals | power plants and bulk material handling,Automatic-Discharge Permanent Magnetic Separator | RCYDII | RCYDII Automatic-Discharge Permanent Magnetic Separator | magnetic separation equipment | tramp iron removal | material separation equipment | magnetic separator | permanent magnetic separator | magnetic pulley | magnetic roller | magnetic filter | magnetic grid | magnetic rod | magnetic trap | electromagnetic separator | suspended magnetic separator | self-cleaning magnetic separator | self-unloading magnetic separator | rcydii magnetic separator | rcydii specifications | rcydii automatic-discharge permanent magnetic separator for industrial projects | mineral processing magnetic separation | recycling sorting equipment,"ferrous versus nonferrous recovery or tramp-metal removal objective | permanent versus electromagnetic field requirement | manual-clean versus self-cleaning duty | belt width, burden depth, suspension height and speed for conveyor installations | dry versus wet feed condition | particle size, liberation, capacity and material-flow behavior | food/process hygiene requirements only where independently verified",requires-owner-confirmation
cp-019-magnetic-separators-rcye,magnetic-separators,Automatic-Discharge Permanent Magnetic Separator,RCYE,requires-owner-confirmation,mining and mineral processing | aggregate and quarrying | cement | coal handling | recycling and waste sorting | scrap metal processing | food and grain processing | plastics and chemicals | power plants and bulk material handling,Automatic-Discharge Permanent Magnetic Separator | RCYE | RCYE Automatic-Discharge Permanent Magnetic Separator | magnetic separation equipment | tramp iron removal | material separation equipment | magnetic separator | permanent magnetic separator | magnetic pulley | magnetic roller | magnetic filter | magnetic grid | magnetic rod | magnetic trap | electromagnetic separator | suspended magnetic separator | self-cleaning magnetic separator | self-unloading magnetic separator | rcye magnetic separator | rcye specifications | rcye automatic-discharge permanent magnetic separator for industrial projects | mineral processing magnetic separation | recycling sorting equipment,"ferrous versus nonferrous recovery or tramp-metal removal objective | permanent versus electromagnetic field requirement | manual-clean versus self-cleaning duty | belt width, burden depth, suspension height and speed for conveyor installations | dry versus wet feed condition | particle size, liberation, capacity and material-flow behavior | food/process hygiene requirements only where independently verified",requires-owner-confirmation
cp-020-magnetic-separators-rcyf,magnetic-separators,Permanent Magnetic Separator,RCYF,requires-owner-confirmation,mining and mineral processing | aggregate and quarrying | cement | coal handling | recycling and waste sorting | scrap metal processing | food and grain processing | plastics and chemicals | power plants and bulk material handling,Permanent Magnetic Separator | RCYF | RCYF Permanent Magnetic Separator | magnetic separation equipment | tramp iron removal | material separation equipment | magnetic separator | permanent magnetic separator | magnetic pulley | magnetic roller | magnetic filter | magnetic grid | magnetic rod | magnetic trap | electromagnetic separator | suspended magnetic separator | self-cleaning magnetic separator | self-unloading magnetic separator | rcyf magnetic separator | rcyf specifications | rcyf permanent magnetic separator for industrial projects | mineral processing magnetic separation | recycling sorting equipment,"ferrous versus nonferrous recovery or tramp-metal removal objective | permanent versus electromagnetic field requirement | manual-clean versus self-cleaning duty | belt width, burden depth, suspension height and speed for conveyor installations | dry versus wet feed condition | particle size, liberation, capacity and material-flow behavior | food/process hygiene requirements only where independently verified",requires-owner-confirmation
cp-021-magnetic-separators-rcyg,magnetic-separators,Automatic-Discharge Permanent Magnetic Separator,RCYG,requires-owner-confirmation,mining and mineral processing | aggregate and quarrying | cement | coal handling | recycling and waste sorting | scrap metal processing | food and grain processing | plastics and chemicals | power plants and bulk material handling,Automatic-Discharge Permanent Magnetic Separator | RCYG | RCYG Automatic-Discharge Permanent Magnetic Separator | magnetic separation equipment | tramp iron removal | material separation equipment | magnetic separator | permanent magnetic separator | magnetic pulley | magnetic roller | magnetic filter | magnetic grid | magnetic rod | magnetic trap | electromagnetic separator | suspended magnetic separator | self-cleaning magnetic separator | self-unloading magnetic separator | rcyg magnetic separator | rcyg specifications | rcyg automatic-discharge permanent magnetic separator for industrial projects | mineral processing magnetic separation | recycling sorting equipment,"ferrous versus nonferrous recovery or tramp-metal removal objective | permanent versus electromagnetic field requirement | manual-clean versus self-cleaning duty | belt width, burden depth, suspension height and speed for conveyor installations | dry versus wet feed condition | particle size, liberation, capacity and material-flow behavior | food/process hygiene requirements only where independently verified",requires-owner-confirmation
cp-022-magnetic-separators-rcyp,magnetic-separators,Automatic-Discharge Manual-Clean Permanent Magnetic Separator,RCYP,requires-owner-confirmation,mining and mineral processing | aggregate and quarrying | cement | coal handling | recycling and waste sorting | scrap metal processing | food and grain processing | plastics and chemicals | power plants and bulk material handling,Automatic-Discharge Manual-Clean Permanent Magnetic Separator | RCYP | RCYP Automatic-Discharge Manual-Clean Permanent Magnetic Separator | magnetic separation equipment | tramp iron removal | material separation equipment | magnetic separator | permanent magnetic separator | magnetic pulley | magnetic roller | magnetic filter | magnetic grid | magnetic rod | magnetic trap | electromagnetic separator | suspended magnetic separator | self-cleaning magnetic separator | self-unloading magnetic separator | rcyp magnetic separator | rcyp specifications | rcyp automatic-discharge manual-clean permanent magnetic separator for industrial projects | mineral processing magnetic separation | recycling sorting equipment,"ferrous versus nonferrous recovery or tramp-metal removal objective | permanent versus electromagnetic field requirement | manual-clean versus self-cleaning duty | belt width, burden depth, suspension height and speed for conveyor installations | dry versus wet feed condition | particle size, liberation, capacity and material-flow behavior | food/process hygiene requirements only where independently verified",requires-owner-confirmation
cp-023-magnetic-separators-rcyz,magnetic-separators,Permanent Magnetic Separator,RCYZ,duplicate,mining and mineral processing | aggregate and quarrying | cement | coal handling | recycling and waste sorting | scrap metal processing | food and grain processing | plastics and chemicals | power plants and bulk material handling,Permanent Magnetic Separator | RCYZ | RCYZ Permanent Magnetic Separator | magnetic separation equipment | tramp iron removal | material separation equipment | magnetic separator | permanent magnetic separator | magnetic pulley | magnetic roller | magnetic filter | magnetic grid | magnetic rod | magnetic trap | electromagnetic separator | suspended magnetic separator | self-cleaning magnetic separator | self-unloading magnetic separator | rcyz magnetic separator | rcyz specifications | rcyz permanent magnetic separator for industrial projects | mineral processing magnetic separation | recycling sorting equipment,"ferrous versus nonferrous recovery or tramp-metal removal objective | permanent versus electromagnetic field requirement | manual-clean versus self-cleaning duty | belt width, burden depth, suspension height and speed for conveyor installations | dry versus wet feed condition | particle size, liberation, capacity and material-flow behavior | food/process hygiene requirements only where independently verified",requires-owner-confirmation
cp-024-magnetic-separators-wet-plate-magnetic-separator,magnetic-separators,Wet Plate Magnetic Separator,,generic-series,mining and mineral processing | aggregate and quarrying | cement | coal handling | recycling and waste sorting | scrap metal processing | food and grain processing | plastics and chemicals | power plants and bulk material handling,Wet Plate Magnetic Separator | magnetic separation equipment | tramp iron removal | material separation equipment | magnetic separator | permanent magnetic separator | wet drum magnetic separator | wet magnetic separator | magnetic pulley | magnetic roller | magnetic filter | magnetic grid | magnetic rod | magnetic trap | electromagnetic separator | suspended magnetic separator | self-cleaning magnetic separator | self-unloading magnetic separator | wet plate magnetic separator for industrial projects | mineral processing magnetic separation | recycling sorting equipment,"ferrous versus nonferrous recovery or tramp-metal removal objective | permanent versus electromagnetic field requirement | manual-clean versus self-cleaning duty | belt width, burden depth, suspension height and speed for conveyor installations | dry versus wet feed condition | particle size, liberation, capacity and material-flow behavior | food/process hygiene requirements only where independently verified",requires-owner-confirmation
cp-025-magnetic-separators-permanent-dry-magnetic-separator,magnetic-separators,Permanent Dry Magnetic Separator,,generic-series,mining and mineral processing | aggregate and quarrying | cement | coal handling | recycling and waste sorting | scrap metal processing | food and grain processing | plastics and chemicals | power plants and bulk material handling,Permanent Dry Magnetic Separator | magnetic separation equipment | tramp iron removal | material separation equipment | magnetic separator | permanent magnetic separator | dry drum magnetic separator | dry magnetic separator | magnetic pulley | magnetic roller | magnetic filter | magnetic grid | magnetic rod | magnetic trap | electromagnetic separator | suspended magnetic separator | self-cleaning magnetic separator | self-unloading magnetic separator | permanent dry magnetic separator for industrial projects | mineral processing magnetic separation | recycling sorting equipment,"ferrous versus nonferrous recovery or tramp-metal removal objective | permanent versus electromagnetic field requirement | manual-clean versus self-cleaning duty | belt width, burden depth, suspension height and speed for conveyor installations | dry versus wet feed condition | particle size, liberation, capacity and material-flow behavior | food/process hygiene requirements only where independently verified",requires-owner-confirmation
cp-026-magnetic-separators-permanent-suspended-magnetic-separator,magnetic-separators,Permanent Suspended Magnetic Separator,,generic-series,mining and mineral processing | aggregate and quarrying | cement | coal handling | recycling and waste sorting | scrap metal processing | food and grain processing | plastics and chemicals | power plants and bulk material handling,Permanent Suspended Magnetic Separator | magnetic separation equipment | tramp iron removal | material separation equipment | magnetic separator | permanent magnetic separator | suspended magnetic separator | magnetic pulley | magnetic roller | magnetic filter | magnetic grid | magnetic rod | magnetic trap | electromagnetic separator | self-cleaning magnetic separator | self-unloading magnetic separator | permanent suspended magnetic separator for industrial projects | mineral processing magnetic separation | recycling sorting equipment,"ferrous versus nonferrous recovery or tramp-metal removal objective | permanent versus electromagnetic field requirement | manual-clean versus self-cleaning duty | belt width, burden depth, suspension height and speed for conveyor installations | dry versus wet feed condition | particle size, liberation, capacity and material-flow behavior | food/process hygiene requirements only where independently verified",requires-owner-confirmation
cp-027-magnetic-separators-electromagnetic-suspended-magnetic-separator,magnetic-separators,Electromagnetic Suspended Magnetic Separator,,generic-series,mining and mineral processing | aggregate and quarrying | cement | coal handling | recycling and waste sorting | scrap metal processing | food and grain processing | plastics and chemicals | power plants and bulk material handling,Electromagnetic Suspended Magnetic Separator | magnetic separation equipment | tramp iron removal | material separation equipment | magnetic separator | permanent magnetic separator | electromagnetic separator | suspended magnetic separator | magnetic pulley | magnetic roller | magnetic filter | magnetic grid | magnetic rod | magnetic trap | self-cleaning magnetic separator | self-unloading magnetic separator | electromagnetic suspended magnetic separator for industrial projects | mineral processing magnetic separation | recycling sorting equipment,"ferrous versus nonferrous recovery or tramp-metal removal objective | permanent versus electromagnetic field requirement | manual-clean versus self-cleaning duty | belt width, burden depth, suspension height and speed for conveyor installations | dry versus wet feed condition | particle size, liberation, capacity and material-flow behavior | food/process hygiene requirements only where independently verified",requires-owner-confirmation
cp-028-magnetic-separators-metal-detection-magnetic-separator,magnetic-separators,Metal-Detection Magnetic Separator,,duplicate,mining and mineral processing | aggregate and quarrying | cement | coal handling | recycling and waste sorting | scrap metal processing | food and grain processing | plastics and chemicals | power plants and bulk material handling,Metal-Detection Magnetic Separator | magnetic separation equipment | tramp iron removal | material separation equipment | magnetic separator | permanent magnetic separator | magnetic pulley | magnetic roller | metal detector | magnetic filter | magnetic grid | magnetic rod | magnetic trap | electromagnetic separator | suspended magnetic separator | self-cleaning magnetic separator | self-unloading magnetic separator | metal-detection magnetic separator for industrial projects | mineral processing magnetic separation | recycling sorting equipment,"ferrous versus nonferrous recovery or tramp-metal removal objective | permanent versus electromagnetic field requirement | manual-clean versus self-cleaning duty | belt width, burden depth, suspension height and speed for conveyor installations | dry versus wet feed condition | particle size, liberation, capacity and material-flow behavior | food/process hygiene requirements only where independently verified",requires-owner-confirmation
cp-029-magnetic-separators-eddy-current-magnetic-separator,magnetic-separators,Eddy-Current Magnetic Separator,,duplicate,mining and mineral processing | aggregate and quarrying | cement | coal handling | recycling and waste sorting | scrap metal processing | food and grain processing | plastics and chemicals | power plants and bulk material handling,Eddy-Current Magnetic Separator | magnetic separation equipment | tramp iron removal | material separation equipment | magnetic separator | permanent magnetic separator | magnetic pulley | magnetic roller | eddy current separator | magnetic filter | magnetic grid | magnetic rod | magnetic trap | electromagnetic separator | suspended magnetic separator | self-cleaning magnetic separator | self-unloading magnetic separator | eddy-current magnetic separator for industrial projects | mineral processing magnetic separation | recycling sorting equipment,"ferrous versus nonferrous recovery or tramp-metal removal objective | permanent versus electromagnetic field requirement | manual-clean versus self-cleaning duty | belt width, burden depth, suspension height and speed for conveyor installations | dry versus wet feed condition | particle size, liberation, capacity and material-flow behavior | food/process hygiene requirements only where independently verified",requires-owner-confirmation
cp-030-magnetic-separators-permanent-overband-magnetic-separator,magnetic-separators,Permanent Overband Magnetic Separator,,generic-series,mining and mineral processing | aggregate and quarrying | cement | coal handling | recycling and waste sorting | scrap metal processing | food and grain processing | plastics and chemicals | power plants and bulk material handling,Permanent Overband Magnetic Separator | magnetic separation equipment | tramp iron removal | material separation equipment | magnetic separator | permanent magnetic separator | overband magnetic separator | magnetic pulley | magnetic roller | magnetic filter | magnetic grid | magnetic rod | magnetic trap | electromagnetic separator | suspended magnetic separator | self-cleaning magnetic separator | self-unloading magnetic separator | permanent overband magnetic separator for industrial projects | mineral processing magnetic separation | recycling sorting equipment,"ferrous versus nonferrous recovery or tramp-metal removal objective | permanent versus electromagnetic field requirement | manual-clean versus self-cleaning duty | belt width, burden depth, suspension height and speed for conveyor installations | dry versus wet feed condition | particle size, liberation, capacity and material-flow behavior | food/process hygiene requirements only where independently verified",requires-owner-confirmation
cp-031-magnetic-separators-roller-magnetic-separator,magnetic-separators,Roller Magnetic Separator,,duplicate,mining and mineral processing | aggregate and quarrying | cement | coal handling | recycling and waste sorting | scrap metal processing | food and grain processing | plastics and chemicals | power plants and bulk material handling,Roller Magnetic Separator | magnetic separation equipment | tramp iron removal | material separation equipment | magnetic separator | permanent magnetic separator | magnetic pulley | magnetic roller | magnetic filter | magnetic grid | magnetic rod | magnetic trap | electromagnetic separator | suspended magnetic separator | self-cleaning magnetic separator | self-unloading magnetic separator | roller magnetic separator for industrial projects | mineral processing magnetic separation | recycling sorting equipment,"ferrous versus nonferrous recovery or tramp-metal removal objective | permanent versus electromagnetic field requirement | manual-clean versus self-cleaning duty | belt width, burden depth, suspension height and speed for conveyor installations | dry versus wet feed condition | particle size, liberation, capacity and material-flow behavior | food/process hygiene requirements only where independently verified",requires-owner-confirmation
cp-032-magnetic-separators-wet-roller-magnetic-separator,magnetic-separators,Wet Roller Magnetic Separator,,generic-series,mining and mineral processing | aggregate and quarrying | cement | coal handling | recycling and waste sorting | scrap metal processing | food and grain processing | plastics and chemicals | power plants and bulk material handling,Wet Roller Magnetic Separator | magnetic separation equipment | tramp iron removal | material separation equipment | magnetic separator | permanent magnetic separator | wet drum magnetic separator | wet magnetic separator | magnetic pulley | magnetic roller | magnetic filter | magnetic grid | magnetic rod | magnetic trap | electromagnetic separator | suspended magnetic separator | self-cleaning magnetic separator | self-unloading magnetic separator | wet roller magnetic separator for industrial projects | mineral processing magnetic separation | recycling sorting equipment,"ferrous versus nonferrous recovery or tramp-metal removal objective | permanent versus electromagnetic field requirement | manual-clean versus self-cleaning duty | belt width, burden depth, suspension height and speed for conveyor installations | dry versus wet feed condition | particle size, liberation, capacity and material-flow behavior | food/process hygiene requirements only where independently verified",requires-owner-confirmation
cp-033-magnetic-separators-permanent-magnetic-separator,magnetic-separators,Permanent Magnetic Separator,,duplicate,mining and mineral processing | aggregate and quarrying | cement | coal handling | recycling and waste sorting | scrap metal processing | food and grain processing | plastics and chemicals | power plants and bulk material handling,Permanent Magnetic Separator | magnetic separation equipment | tramp iron removal | material separation equipment | magnetic separator | permanent magnetic separator | magnetic pulley | magnetic roller | magnetic filter | magnetic grid | magnetic rod | magnetic trap | electromagnetic separator | suspended magnetic separator | self-cleaning magnetic separator | self-unloading magnetic separator | permanent magnetic separator for industrial projects | mineral processing magnetic separation | recycling sorting equipment,"ferrous versus nonferrous recovery or tramp-metal removal objective | permanent versus electromagnetic field requirement | manual-clean versus self-cleaning duty | belt width, burden depth, suspension height and speed for conveyor installations | dry versus wet feed condition | particle size, liberation, capacity and material-flow behavior | food/process hygiene requirements only where independently verified",requires-owner-confirmation
cp-034-magnetic-separators-electromagnetic-magnetic-separator,magnetic-separators,Electromagnetic Magnetic Separator,,duplicate,mining and mineral processing | aggregate and quarrying | cement | coal handling | recycling and waste sorting | scrap metal processing | food and grain processing | plastics and chemicals | power plants and bulk material handling,Electromagnetic Magnetic Separator | magnetic separation equipment | tramp iron removal | material separation equipment | magnetic separator | permanent magnetic separator | electromagnetic separator | magnetic pulley | magnetic roller | magnetic filter | magnetic grid | magnetic rod | magnetic trap | suspended magnetic separator | self-cleaning magnetic separator | self-unloading magnetic separator | electromagnetic magnetic separator for industrial projects | mineral processing magnetic separation | recycling sorting equipment,"ferrous versus nonferrous recovery or tramp-metal removal objective | permanent versus electromagnetic field requirement | manual-clean versus self-cleaning duty | belt width, burden depth, suspension height and speed for conveyor installations | dry versus wet feed condition | particle size, liberation, capacity and material-flow behavior | food/process hygiene requirements only where independently verified",requires-owner-confirmation
cp-035-magnetic-separators-automatic-discharge-electromagnetic-magnetic-separat,magnetic-separators,Automatic-Discharge Electromagnetic Magnetic Separator,,generic-series,mining and mineral processing | aggregate and quarrying | cement | coal handling | recycling and waste sorting | scrap metal processing | food and grain processing | plastics and chemicals | power plants and bulk material handling,Automatic-Discharge Electromagnetic Magnetic Separator | magnetic separation equipment | tramp iron removal | material separation equipment | magnetic separator | permanent magnetic separator | electromagnetic separator | magnetic pulley | magnetic roller | magnetic filter | magnetic grid | magnetic rod | magnetic trap | suspended magnetic separator | self-cleaning magnetic separator | self-unloading magnetic separator | automatic-discharge electromagnetic magnetic separator for industrial projects | mineral processing magnetic separation | recycling sorting equipment,"ferrous versus nonferrous recovery or tramp-metal removal objective | permanent versus electromagnetic field requirement | manual-clean versus self-cleaning duty | belt width, burden depth, suspension height and speed for conveyor installations | dry versus wet feed condition | particle size, liberation, capacity and material-flow behavior | food/process hygiene requirements only where independently verified",requires-owner-confirmation
cp-036-magnetic-separators-automatic-discharge-permanent-magnetic-separator,magnetic-separators,Automatic-Discharge Permanent Magnetic Separator,,generic-series,mining and mineral processing | aggregate and quarrying | cement | coal handling | recycling and waste sorting | scrap metal processing | food and grain processing | plastics and chemicals | power plants and bulk material handling,Automatic-Discharge Permanent Magnetic Separator | magnetic separation equipment | tramp iron removal | material separation equipment | magnetic separator | permanent magnetic separator | magnetic pulley | magnetic roller | magnetic filter | magnetic grid | magnetic rod | magnetic trap | electromagnetic separator | suspended magnetic separator | self-cleaning magnetic separator | self-unloading magnetic separator | automatic-discharge permanent magnetic separator for industrial projects | mineral processing magnetic separation | recycling sorting equipment,"ferrous versus nonferrous recovery or tramp-metal removal objective | permanent versus electromagnetic field requirement | manual-clean versus self-cleaning duty | belt width, burden depth, suspension height and speed for conveyor installations | dry versus wet feed condition | particle size, liberation, capacity and material-flow behavior | food/process hygiene requirements only where independently verified",requires-owner-confirmation
cp-067-magnetic-separators-zd15lv-8,magnetic-separators,Permanent Magnetic Separator,ZD15LV-8,verified-model,mining and mineral processing | aggregate and quarrying | cement | coal handling | recycling and waste sorting | scrap metal processing | food and grain processing | plastics and chemicals | power plants and bulk material handling,Permanent Magnetic Separator | ZD15LV-8 | ZD15LV-8 Permanent Magnetic Separator | magnetic separation equipment | tramp iron removal | material separation equipment | magnetic separator | permanent magnetic separator | magnetic pulley | magnetic roller | magnetic filter | magnetic grid | magnetic rod | magnetic trap | electromagnetic separator | suspended magnetic separator | self-cleaning magnetic separator | self-unloading magnetic separator | zd15lv-8 magnetic separator | zd15lv-8 specifications | zd15lv-8 permanent magnetic separator for industrial projects | mineral processing magnetic separation | recycling sorting equipment,"ferrous versus nonferrous recovery or tramp-metal removal objective | permanent versus electromagnetic field requirement | manual-clean versus self-cleaning duty | belt width, burden depth, suspension height and speed for conveyor installations | dry versus wet feed condition | particle size, liberation, capacity and material-flow behavior | food/process hygiene requirements only where independently verified",requires-owner-confirmation
