sourceId,canonicalId,category,sourceName,organization,sourceType,url,accessedAt,evidenceSummary,confidence,useRestriction
SRC-CA-01,category-general,compressed-air-equipment,Compressed Air Systems,U.S. Department of Energy,government technical guidance,https://www.energy.gov/cmei/ito/compressed-air-systems,2026-08-14,"Identifies air quality, condensate removal, leak control, pressure stabilization, controls, storage and preventive maintenance as compressed-air system topics.",high,General system guidance only; no manufacturer product data or assets used.
SRC-GEN-01,category-general,generator-systems,"Generator Ratings: Prime, Standby Power and More",Caterpillar,manufacturer technical article,https://www.cat.com/en_GB/by-industry/electric-power/Articles/White-papers/understanding-generator-set-ratings.html,2026-08-14,"Explains duty concepts including emergency standby, prime, limited-time running and continuous operation in relation to ISO 8528-1 terminology.",high,"General rating definitions only; do not reuse Caterpillar models, data, graphics, certification or wording."
SRC-GEN-02,category-general,generator-systems,Commercial Generator Sizing,Caterpillar,manufacturer technical guide,https://www.cat.com/en_US/by-industry/electric-power/electric-power-resources/genset-sizing.html,2026-08-14,"Describes considering running and starting loads, voltage, frequency, phase, environmental derating, motor inrush and load steps during sizing.",high,"Selection-factor reference only; no calculator output, product data, images or copy reused."
SRC-DR-01,category-general,drilling-equipment | drilling-consumables,Quarrying,Epiroc,manufacturer application guidance,https://www.epiroc.com/en-ph/applications/construction/quarrying-and-surface-construction/quarrying,2026-08-14,"Links drilling pattern, geology, hole diameter and fragmentation requirements in quarry and surface-construction work, and notes DTH and tophammer use.",medium,"General application context only; no Epiroc model, branding, images, performance or customer content reused."
SRC-DR-02,category-general,drilling-equipment | drilling-consumables,DTH Equipment Product Catalogue,Epiroc,manufacturer technical catalogue,https://www.epiroc.com/content/dam/epiroc/rock-drilling-tools/documents/Epiroc%20DTH%20product%20catalog.pdf,2026-08-14,"Supports the generic principle that hammer, bit and hole geometry must be matched so cuttings can be evacuated; working pressure, interface and hole diameter are selection factors.",medium,"General DTH mechanism only. A matching-looking model code does not establish COWIN MACHINE manufacturer, compatibility or specification."
SRC-DR-03,category-general,drilling-equipment | drilling-consumables | compressed-air-equipment,Best Practices for Dust Control in Surface Drills,NIOSH / CDC,government safety guidance,https://www.cdc.gov/niosh/engcontrols/ecd/detail72.html,2026-08-14,"Describes drill dust generated by air flushing, dry or water-based control options, and the need to inspect shrouds, seals, filters and ducting.",high,Safety context only; site-specific controls must be engineered and comply with local law.
SRC-DR-04,category-general,drilling-equipment | drilling-consumables,Equipment Condition,Occupational Safety and Health Administration,government safety guidance,https://www.osha.gov/etools/oil-and-gas/general-safety/equipment-condition,2026-08-14,"Emphasizes correct pressure-rated equipment selection, matching parts, pre-start inspection, documented maintenance and manufacturer procedures.",high,Safety guidance only; it is not a product approval or operating manual.
SRC-LT-01,category-general,mobile-lighting-systems,Solar Energy and Storage Basics,U.S. Department of Energy / NREL,government technical guidance,https://www.energy.gov/cmei/systems/solar-integration-solar-energy-and-storage-basics,2026-08-14,"Explains that solar production varies with time, weather and shading; storage shifts energy use in time and energy capacity differs from power capacity.",high,General solar-and-storage principles only; no runtime or capacity is implied for any COWIN MACHINE product.
SRC-LT-02,category-general,mobile-lighting-systems,Hybrid LT-Series,Allmand,manufacturer product documentation,https://www.allmand.com/products/light-towers/hybrid-lt-series/,2026-08-14,"Confirms a generic mobile tower configuration can combine luminaires, mast, stabilizers, trailer, control system and diesel/battery operating modes.",medium,"Configuration reference only. No Allmand values, text, graphics, manual content, model names or commercial claims are reused."
SRC-LT-03,category-general,mobile-lighting-systems,Construction Illumination,Occupational Safety and Health Administration,government safety regulation,https://www.osha.gov/laws-regs/regulations/standardnumber/1926/1926.26,2026-08-14,"States that active construction areas, access routes, offices, shops and storage areas require natural or artificial illumination.",high,Use as a safety context only; local requirements and lighting design must be confirmed for the installation.
SRC-LT-04,category-general,mobile-lighting-systems,Battery Energy Storage System Procurement Checklist,U.S. Department of Energy,government procurement guidance,https://www.energy.gov/cmei/femp/articles/battery-energy-storage-system-procurement-checklist,2026-08-14,Shows that battery-storage procurement should use technical specifications and project checklists rather than an assumed generic configuration.,high,"Does not validate battery chemistry, capacity, runtime or safety certification for any product."
SRC-MS-01,category-general,magnetic-separators,Wet Drum Separators,Eriez,manufacturer technical page,https://www.eriez.com/Products/Magnetic-Separation/Magnetic-Processing-Concentration/Magnetic-Separation-Solutions-for-Wet-Minerals-Processing/Wet-Drum-Separators,2026-08-14,"Explains a generic wet-drum process in which slurry enters a tank, magnetic material is retained on a rotating drum and nonmagnetics exit separately; tank configuration influences the duty.",medium,"Generic working principle only; do not reuse Eriez performance, components, images or model statements."
SRC-MS-02,category-general,magnetic-separators,High Speed Drum Magnets,Eriez,manufacturer technical page,https://www.eriez.com/Products/Magnetic-Separation/Magnetic-Processing-Concentration/Magnetic-Separation-Solutions-for-Dry-Minerals-Processing/DF-High-Speed-Drum-Magnets,2026-08-14,"Supports the general dry-drum concept that magnetic attraction, gravity, drum speed and material trajectory influence dry separation.",medium,"Generic principle only; no competitor performance, model or imagery is reused."
SRC-MS-03,category-general,magnetic-separators,Suspended Electromagnets,Eriez,manufacturer technical page,https://www.eriez.com/Products/Magnetic-Separation/Magnetic-Separation-for-Tramp-Metal/Large-Magnetic-Separation/Suspended-Electromagnets,2026-08-14,"Describes conveyor-mounted removal of tramp metal and identifies belt width, speed, burden depth and material type as sizing considerations; self-cleaning configurations use a discharge belt.",medium,"General application framework only; no competitor capacity, efficiency, product or commercial claim is reused."
SRC-MS-04,category-general,magnetic-separators,Eddy Current Separators,Eriez,manufacturer technical page,https://www.eriez.com/Products/Metals-Recycling/Nonferrous-Recovery/Eddy-Current-Separators,2026-08-14,"Explains that a rotating magnetic rotor induces eddy currents in conductive nonferrous pieces, producing a repelling force that supports physical separation from nonmetals.",medium,"Generic mechanism only; no competitor recovery figures, product data, images or text reused."
SRC-MS-05,category-general,magnetic-separators,Metal Inclusion,U.S. Food and Drug Administration,government food-safety guidance,https://www.fda.gov/downloads/Food/GuidanceRegulation/UCM252440.pdf,2026-08-14,"Treats a magnet or other separation step as a possible control where metal inclusion is a significant hazard, within a documented hazard-analysis approach.",high,"Does not establish food-grade construction, validation, certification or suitability for any COWIN MACHINE product."
SRC-CURRENT-cp-001-magnetic-separators-rcyd-1,cp-001-magnetic-separators-rcyd,magnetic-separators,COWIN MACHINE public product record,COWIN MACHINE public website,current-site audit evidence,https://cowinmachine.com/products/magnetic-separators/mag-rcyd-001,2026-08-14,"Current URL, H1/model reference and visible specification table captured in the preceding product audit. This is traceability evidence, not independent manufacturer verification.",low,Do not treat as authoritative model documentation until the owner supplies approved manufacturer evidence.
SRC-CURRENT-cp-002-magnetic-separators-rcdd-1,cp-002-magnetic-separators-rcdd,magnetic-separators,COWIN MACHINE public product record,COWIN MACHINE public website,current-site audit evidence,https://cowinmachine.com/products/magnetic-separators/mag-rcdd-002,2026-08-14,"Current URL, H1/model reference and visible specification table captured in the preceding product audit. This is traceability evidence, not independent manufacturer verification.",low,Do not treat as authoritative model documentation until the owner supplies approved manufacturer evidence.
SRC-CURRENT-cp-003-magnetic-separators-rcyb-1,cp-003-magnetic-separators-rcyb,magnetic-separators,COWIN MACHINE public product record,COWIN MACHINE public website,current-site audit evidence,https://cowinmachine.com/products/magnetic-separators/mag-rcyb-003,2026-08-14,"Current URL, H1/model reference and visible specification table captured in the preceding product audit. This is traceability evidence, not independent manufacturer verification.",low,Do not treat as authoritative model documentation until the owner supplies approved manufacturer evidence.
SRC-CURRENT-cp-004-magnetic-separators-rcdb-1,cp-004-magnetic-separators-rcdb,magnetic-separators,COWIN MACHINE public product record,COWIN MACHINE public website,current-site audit evidence,https://cowinmachine.com/products/magnetic-separators/mag-rcdb-004,2026-08-14,"Current URL, H1/model reference and visible specification table captured in the preceding product audit. This is traceability evidence, not independent manufacturer verification.",low,Do not treat as authoritative model documentation until the owner supplies approved manufacturer evidence.
SRC-CURRENT-cp-005-magnetic-separators-magnetic-separator-1,cp-005-magnetic-separators-magnetic-separator,magnetic-separators,COWIN MACHINE public product record,COWIN MACHINE public website,current-site audit evidence,https://cowinmachine.com/products/magnetic-separators/mag-series-005-005,2026-08-14,"Current URL, H1/model reference and visible specification table captured in the preceding product audit. This is traceability evidence, not independent manufacturer verification.",low,Do not treat as authoritative model documentation until the owner supplies approved manufacturer evidence.
SRC-CURRENT-cp-005-magnetic-separators-magnetic-separator-2,cp-005-magnetic-separators-magnetic-separator,magnetic-separators,COWIN MACHINE public product record,COWIN MACHINE public website,current-site audit evidence,https://cowinmachine.com/products/magnetic-separators/mag-series-006-006,2026-08-14,"Current URL, H1/model reference and visible specification table captured in the preceding product audit. This is traceability evidence, not independent manufacturer verification.",low,Do not treat as authoritative model documentation until the owner supplies approved manufacturer evidence.
SRC-CURRENT-cp-005-magnetic-separators-magnetic-separator-3,cp-005-magnetic-separators-magnetic-separator,magnetic-separators,COWIN MACHINE public product record,COWIN MACHINE public website,current-site audit evidence,https://cowinmachine.com/products/magnetic-separators/mag-series-009-009,2026-08-14,"Current URL, H1/model reference and visible specification table captured in the preceding product audit. This is traceability evidence, not independent manufacturer verification.",low,Do not treat as authoritative model documentation until the owner supplies approved manufacturer evidence.
SRC-CURRENT-cp-005-magnetic-separators-magnetic-separator-4,cp-005-magnetic-separators-magnetic-separator,magnetic-separators,COWIN MACHINE public product record,COWIN MACHINE public website,current-site audit evidence,https://cowinmachine.com/products/magnetic-separators/mag-series-010-010,2026-08-14,"Current URL, H1/model reference and visible specification table captured in the preceding product audit. This is traceability evidence, not independent manufacturer verification.",low,Do not treat as authoritative model documentation until the owner supplies approved manufacturer evidence.
SRC-CURRENT-cp-005-magnetic-separators-magnetic-separator-5,cp-005-magnetic-separators-magnetic-separator,magnetic-separators,COWIN MACHINE public product record,COWIN MACHINE public website,current-site audit evidence,https://cowinmachine.com/products/magnetic-separators/mag-series-011-011,2026-08-14,"Current URL, H1/model reference and visible specification table captured in the preceding product audit. This is traceability evidence, not independent manufacturer verification.",low,Do not treat as authoritative model documentation until the owner supplies approved manufacturer evidence.
SRC-CURRENT-cp-005-magnetic-separators-magnetic-separator-6,cp-005-magnetic-separators-magnetic-separator,magnetic-separators,COWIN MACHINE public product record,COWIN MACHINE public website,current-site audit evidence,https://cowinmachine.com/products/magnetic-separators/mag-series-016-016,2026-08-14,"Current URL, H1/model reference and visible specification table captured in the preceding product audit. This is traceability evidence, not independent manufacturer verification.",low,Do not treat as authoritative model documentation until the owner supplies approved manufacturer evidence.
SRC-CURRENT-cp-005-magnetic-separators-magnetic-separator-7,cp-005-magnetic-separators-magnetic-separator,magnetic-separators,COWIN MACHINE public product record,COWIN MACHINE public website,current-site audit evidence,https://cowinmachine.com/products/magnetic-separators/mag-series-033-033,2026-08-14,"Current URL, H1/model reference and visible specification table captured in the preceding product audit. This is traceability evidence, not independent manufacturer verification.",low,Do not treat as authoritative model documentation until the owner supplies approved manufacturer evidence.
SRC-CURRENT-cp-005-magnetic-separators-magnetic-separator-8,cp-005-magnetic-separators-magnetic-separator,magnetic-separators,COWIN MACHINE public product record,COWIN MACHINE public website,current-site audit evidence,https://cowinmachine.com/products/magnetic-separators/mag-series-040-040,2026-08-14,"Current URL, H1/model reference and visible specification table captured in the preceding product audit. This is traceability evidence, not independent manufacturer verification.",low,Do not treat as authoritative model documentation until the owner supplies approved manufacturer evidence.
SRC-CURRENT-cp-005-magnetic-separators-magnetic-separator-9,cp-005-magnetic-separators-magnetic-separator,magnetic-separators,COWIN MACHINE public product record,COWIN MACHINE public website,current-site audit evidence,https://cowinmachine.com/products/magnetic-separators/mag-series-045-045,2026-08-14,"Current URL, H1/model reference and visible specification table captured in the preceding product audit. This is traceability evidence, not independent manufacturer verification.",low,Do not treat as authoritative model documentation until the owner supplies approved manufacturer evidence.
SRC-CURRENT-cp-005-magnetic-separators-magnetic-separator-10,cp-005-magnetic-separators-magnetic-separator,magnetic-separators,COWIN MACHINE public product record,COWIN MACHINE public website,current-site audit evidence,https://cowinmachine.com/products/magnetic-separators/mag-series-047-047,2026-08-14,"Current URL, H1/model reference and visible specification table captured in the preceding product audit. This is traceability evidence, not independent manufacturer verification.",low,Do not treat as authoritative model documentation until the owner supplies approved manufacturer evidence.
SRC-CURRENT-cp-005-magnetic-separators-magnetic-separator-11,cp-005-magnetic-separators-magnetic-separator,magnetic-separators,COWIN MACHINE public product record,COWIN MACHINE public website,current-site audit evidence,https://cowinmachine.com/products/magnetic-separators/mag-series-048-048,2026-08-14,"Current URL, H1/model reference and visible specification table captured in the preceding product audit. This is traceability evidence, not independent manufacturer verification.",low,Do not treat as authoritative model documentation until the owner supplies approved manufacturer evidence.
SRC-CURRENT-cp-005-magnetic-separators-magnetic-separator-12,cp-005-magnetic-separators-magnetic-separator,magnetic-separators,COWIN MACHINE public product record,COWIN MACHINE public website,current-site audit evidence,https://cowinmachine.com/products/magnetic-separators/mag-series-049-049,2026-08-14,"Current URL, H1/model reference and visible specification table captured in the preceding product audit. This is traceability evidence, not independent manufacturer verification.",low,Do not treat as authoritative model documentation until the owner supplies approved manufacturer evidence.
SRC-CURRENT-cp-005-magnetic-separators-magnetic-separator-13,cp-005-magnetic-separators-magnetic-separator,magnetic-separators,COWIN MACHINE public product record,COWIN MACHINE public website,current-site audit evidence,https://cowinmachine.com/products/magnetic-separators/mag-series-050-050,2026-08-14,"Current URL, H1/model reference and visible specification table captured in the preceding product audit. This is traceability evidence, not independent manufacturer verification.",low,Do not treat as authoritative model documentation until the owner supplies approved manufacturer evidence.
SRC-CURRENT-cp-005-magnetic-separators-magnetic-separator-14,cp-005-magnetic-separators-magnetic-separator,magnetic-separators,COWIN MACHINE public product record,COWIN MACHINE public website,current-site audit evidence,https://cowinmachine.com/products/magnetic-separators/mag-series-051-051,2026-08-14,"Current URL, H1/model reference and visible specification table captured in the preceding product audit. This is traceability evidence, not independent manufacturer verification.",low,Do not treat as authoritative model documentation until the owner supplies approved manufacturer evidence.
SRC-CURRENT-cp-005-magnetic-separators-magnetic-separator-15,cp-005-magnetic-separators-magnetic-separator,magnetic-separators,COWIN MACHINE public product record,COWIN MACHINE public website,current-site audit evidence,https://cowinmachine.com/products/magnetic-separators/mag-series-052-052,2026-08-14,"Current URL, H1/model reference and visible specification table captured in the preceding product audit. This is traceability evidence, not independent manufacturer verification.",low,Do not treat as authoritative model documentation until the owner supplies approved manufacturer evidence.
SRC-CURRENT-cp-005-magnetic-separators-magnetic-separator-16,cp-005-magnetic-separators-magnetic-separator,magnetic-separators,COWIN MACHINE public product record,COWIN MACHINE public website,current-site audit evidence,https://cowinmachine.com/products/magnetic-separators/mag-series-061-061,2026-08-14,"Current URL, H1/model reference and visible specification table captured in the preceding product audit. This is traceability evidence, not independent manufacturer verification.",low,Do not treat as authoritative model documentation until the owner supplies approved manufacturer evidence.
SRC-CURRENT-cp-005-magnetic-separators-magnetic-separator-17,cp-005-magnetic-separators-magnetic-separator,magnetic-separators,COWIN MACHINE public product record,COWIN MACHINE public website,current-site audit evidence,https://cowinmachine.com/products/magnetic-separators/mag-series-062-062,2026-08-14,"Current URL, H1/model reference and visible specification table captured in the preceding product audit. This is traceability evidence, not independent manufacturer verification.",low,Do not treat as authoritative model documentation until the owner supplies approved manufacturer evidence.
SRC-CURRENT-cp-005-magnetic-separators-magnetic-separator-18,cp-005-magnetic-separators-magnetic-separator,magnetic-separators,COWIN MACHINE public product record,COWIN MACHINE public website,current-site audit evidence,https://cowinmachine.com/products/magnetic-separators/mag-series-064-064,2026-08-14,"Current URL, H1/model reference and visible specification table captured in the preceding product audit. This is traceability evidence, not independent manufacturer verification.",low,Do not treat as authoritative model documentation until the owner supplies approved manufacturer evidence.
SRC-CURRENT-cp-005-magnetic-separators-magnetic-separator-19,cp-005-magnetic-separators-magnetic-separator,magnetic-separators,COWIN MACHINE public product record,COWIN MACHINE public website,current-site audit evidence,https://cowinmachine.com/products/magnetic-separators/mag-series-065-065,2026-08-14,"Current URL, H1/model reference and visible specification table captured in the preceding product audit. This is traceability evidence, not independent manufacturer verification.",low,Do not treat as authoritative model documentation until the owner supplies approved manufacturer evidence.
SRC-CURRENT-cp-005-magnetic-separators-magnetic-separator-20,cp-005-magnetic-separators-magnetic-separator,magnetic-separators,COWIN MACHINE public product record,COWIN MACHINE public website,current-site audit evidence,https://cowinmachine.com/products/magnetic-separators/mag-series-070-070,2026-08-14,"Current URL, H1/model reference and visible specification table captured in the preceding product audit. This is traceability evidence, not independent manufacturer verification.",low,Do not treat as authoritative model documentation until the owner supplies approved manufacturer evidence.
SRC-CURRENT-cp-005-magnetic-separators-magnetic-separator-21,cp-005-magnetic-separators-magnetic-separator,magnetic-separators,COWIN MACHINE public product record,COWIN MACHINE public website,current-site audit evidence,https://cowinmachine.com/products/magnetic-separators/mag-series-074-074,2026-08-14,"Current URL, H1/model reference and visible specification table captured in the preceding product audit. This is traceability evidence, not independent manufacturer verification.",low,Do not treat as authoritative model documentation until the owner supplies approved manufacturer evidence.
SRC-CURRENT-cp-005-magnetic-separators-magnetic-separator-22,cp-005-magnetic-separators-magnetic-separator,magnetic-separators,COWIN MACHINE public product record,COWIN MACHINE public website,current-site audit evidence,https://cowinmachine.com/products/magnetic-separators/mag-series-075-075,2026-08-14,"Current URL, H1/model reference and visible specification table captured in the preceding product audit. This is traceability evidence, not independent manufacturer verification.",low,Do not treat as authoritative model documentation until the owner supplies approved manufacturer evidence.
SRC-CURRENT-cp-005-magnetic-separators-magnetic-separator-23,cp-005-magnetic-separators-magnetic-separator,magnetic-separators,COWIN MACHINE public product record,COWIN MACHINE public website,current-site audit evidence,https://cowinmachine.com/products/magnetic-separators/mag-series-076-076,2026-08-14,"Current URL, H1/model reference and visible specification table captured in the preceding product audit. This is traceability evidence, not independent manufacturer verification.",low,Do not treat as authoritative model documentation until the owner supplies approved manufacturer evidence.
SRC-CURRENT-cp-005-magnetic-separators-magnetic-separator-24,cp-005-magnetic-separators-magnetic-separator,magnetic-separators,COWIN MACHINE public product record,COWIN MACHINE public website,current-site audit evidence,https://cowinmachine.com/products/magnetic-separators/mag-series-077-077,2026-08-14,"Current URL, H1/model reference and visible specification table captured in the preceding product audit. This is traceability evidence, not independent manufacturer verification.",low,Do not treat as authoritative model documentation until the owner supplies approved manufacturer evidence.
SRC-CURRENT-cp-005-magnetic-separators-magnetic-separator-25,cp-005-magnetic-separators-magnetic-separator,magnetic-separators,COWIN MACHINE public product record,COWIN MACHINE public website,current-site audit evidence,https://cowinmachine.com/products/magnetic-separators/mag-series-078-078,2026-08-14,"Current URL, H1/model reference and visible specification table captured in the preceding product audit. This is traceability evidence, not independent manufacturer verification.",low,Do not treat as authoritative model documentation until the owner supplies approved manufacturer evidence.
SRC-CURRENT-cp-005-magnetic-separators-magnetic-separator-26,cp-005-magnetic-separators-magnetic-separator,magnetic-separators,COWIN MACHINE public product record,COWIN MACHINE public website,current-site audit evidence,https://cowinmachine.com/products/magnetic-separators/mag-series-079-079,2026-08-14,"Current URL, H1/model reference and visible specification table captured in the preceding product audit. This is traceability evidence, not independent manufacturer verification.",low,Do not treat as authoritative model documentation until the owner supplies approved manufacturer evidence.
SRC-CURRENT-cp-005-magnetic-separators-magnetic-separator-27,cp-005-magnetic-separators-magnetic-separator,magnetic-separators,COWIN MACHINE public product record,COWIN MACHINE public website,current-site audit evidence,https://cowinmachine.com/products/magnetic-separators/mag-series-081-081,2026-08-14,"Current URL, H1/model reference and visible specification table captured in the preceding product audit. This is traceability evidence, not independent manufacturer verification.",low,Do not treat as authoritative model documentation until the owner supplies approved manufacturer evidence.
SRC-CURRENT-cp-005-magnetic-separators-magnetic-separator-28,cp-005-magnetic-separators-magnetic-separator,magnetic-separators,COWIN MACHINE public product record,COWIN MACHINE public website,current-site audit evidence,https://cowinmachine.com/products/magnetic-separators/mag-series-082-082,2026-08-14,"Current URL, H1/model reference and visible specification table captured in the preceding product audit. This is traceability evidence, not independent manufacturer verification.",low,Do not treat as authoritative model documentation until the owner supplies approved manufacturer evidence.
SRC-CURRENT-cp-006-magnetic-separators-dry-drum-magnetic-separator-1,cp-006-magnetic-separators-dry-drum-magnetic-separator,magnetic-separators,COWIN MACHINE public product record,COWIN MACHINE public website,current-site audit evidence,https://cowinmachine.com/products/magnetic-separators/mag-series-007-007,2026-08-14,"Current URL, H1/model reference and visible specification table captured in the preceding product audit. This is traceability evidence, not independent manufacturer verification.",low,Do not treat as authoritative model documentation until the owner supplies approved manufacturer evidence.
SRC-CURRENT-cp-007-magnetic-separators-wet-drum-magnetic-separator-1,cp-007-magnetic-separators-wet-drum-magnetic-separator,magnetic-separators,COWIN MACHINE public product record,COWIN MACHINE public website,current-site audit evidence,https://cowinmachine.com/products/magnetic-separators/mag-series-008-008,2026-08-14,"Current URL, H1/model reference and visible specification table captured in the preceding product audit. This is traceability evidence, not independent manufacturer verification.",low,Do not treat as authoritative model documentation until the owner supplies approved manufacturer evidence.
SRC-CURRENT-cp-008-magnetic-separators-wet-magnetic-separator-1,cp-008-magnetic-separators-wet-magnetic-separator,magnetic-separators,COWIN MACHINE public product record,COWIN MACHINE public website,current-site audit evidence,https://cowinmachine.com/products/magnetic-separators/mag-series-012-012,2026-08-14,"Current URL, H1/model reference and visible specification table captured in the preceding product audit. This is traceability evidence, not independent manufacturer verification.",low,Do not treat as authoritative model documentation until the owner supplies approved manufacturer evidence.
SRC-CURRENT-cp-008-magnetic-separators-wet-magnetic-separator-2,cp-008-magnetic-separators-wet-magnetic-separator,magnetic-separators,COWIN MACHINE public product record,COWIN MACHINE public website,current-site audit evidence,https://cowinmachine.com/products/magnetic-separators/mag-series-013-013,2026-08-14,"Current URL, H1/model reference and visible specification table captured in the preceding product audit. This is traceability evidence, not independent manufacturer verification.",low,Do not treat as authoritative model documentation until the owner supplies approved manufacturer evidence.
SRC-CURRENT-cp-008-magnetic-separators-wet-magnetic-separator-3,cp-008-magnetic-separators-wet-magnetic-separator,magnetic-separators,COWIN MACHINE public product record,COWIN MACHINE public website,current-site audit evidence,https://cowinmachine.com/products/magnetic-separators/mag-series-034-034,2026-08-14,"Current URL, H1/model reference and visible specification table captured in the preceding product audit. This is traceability evidence, not independent manufacturer verification.",low,Do not treat as authoritative model documentation until the owner supplies approved manufacturer evidence.
SRC-CURRENT-cp-008-magnetic-separators-wet-magnetic-separator-4,cp-008-magnetic-separators-wet-magnetic-separator,magnetic-separators,COWIN MACHINE public product record,COWIN MACHINE public website,current-site audit evidence,https://cowinmachine.com/products/magnetic-separators/mag-series-035-035,2026-08-14,"Current URL, H1/model reference and visible specification table captured in the preceding product audit. This is traceability evidence, not independent manufacturer verification.",low,Do not treat as authoritative model documentation until the owner supplies approved manufacturer evidence.
SRC-CURRENT-cp-008-magnetic-separators-wet-magnetic-separator-5,cp-008-magnetic-separators-wet-magnetic-separator,magnetic-separators,COWIN MACHINE public product record,COWIN MACHINE public website,current-site audit evidence,https://cowinmachine.com/products/magnetic-separators/mag-series-038-038,2026-08-14,"Current URL, H1/model reference and visible specification table captured in the preceding product audit. This is traceability evidence, not independent manufacturer verification.",low,Do not treat as authoritative model documentation until the owner supplies approved manufacturer evidence.
SRC-CURRENT-cp-008-magnetic-separators-wet-magnetic-separator-6,cp-008-magnetic-separators-wet-magnetic-separator,magnetic-separators,COWIN MACHINE public product record,COWIN MACHINE public website,current-site audit evidence,https://cowinmachine.com/products/magnetic-separators/mag-series-039-039,2026-08-14,"Current URL, H1/model reference and visible specification table captured in the preceding product audit. This is traceability evidence, not independent manufacturer verification.",low,Do not treat as authoritative model documentation until the owner supplies approved manufacturer evidence.
SRC-CURRENT-cp-008-magnetic-separators-wet-magnetic-separator-7,cp-008-magnetic-separators-wet-magnetic-separator,magnetic-separators,COWIN MACHINE public product record,COWIN MACHINE public website,current-site audit evidence,https://cowinmachine.com/products/magnetic-separators/mag-series-041-041,2026-08-14,"Current URL, H1/model reference and visible specification table captured in the preceding product audit. This is traceability evidence, not independent manufacturer verification.",low,Do not treat as authoritative model documentation until the owner supplies approved manufacturer evidence.
SRC-CURRENT-cp-008-magnetic-separators-wet-magnetic-separator-8,cp-008-magnetic-separators-wet-magnetic-separator,magnetic-separators,COWIN MACHINE public product record,COWIN MACHINE public website,current-site audit evidence,https://cowinmachine.com/products/magnetic-separators/mag-series-043-043,2026-08-14,"Current URL, H1/model reference and visible specification table captured in the preceding product audit. This is traceability evidence, not independent manufacturer verification.",low,Do not treat as authoritative model documentation until the owner supplies approved manufacturer evidence.
SRC-CURRENT-cp-008-magnetic-separators-wet-magnetic-separator-9,cp-008-magnetic-separators-wet-magnetic-separator,magnetic-separators,COWIN MACHINE public product record,COWIN MACHINE public website,current-site audit evidence,https://cowinmachine.com/products/magnetic-separators/mag-series-044-044,2026-08-14,"Current URL, H1/model reference and visible specification table captured in the preceding product audit. This is traceability evidence, not independent manufacturer verification.",low,Do not treat as authoritative model documentation until the owner supplies approved manufacturer evidence.
SRC-CURRENT-cp-008-magnetic-separators-wet-magnetic-separator-10,cp-008-magnetic-separators-wet-magnetic-separator,magnetic-separators,COWIN MACHINE public product record,COWIN MACHINE public website,current-site audit evidence,https://cowinmachine.com/products/magnetic-separators/mag-series-066-066,2026-08-14,"Current URL, H1/model reference and visible specification table captured in the preceding product audit. This is traceability evidence, not independent manufacturer verification.",low,Do not treat as authoritative model documentation until the owner supplies approved manufacturer evidence.
SRC-CURRENT-cp-008-magnetic-separators-wet-magnetic-separator-11,cp-008-magnetic-separators-wet-magnetic-separator,magnetic-separators,COWIN MACHINE public product record,COWIN MACHINE public website,current-site audit evidence,https://cowinmachine.com/products/magnetic-separators/mag-series-068-068,2026-08-14,"Current URL, H1/model reference and visible specification table captured in the preceding product audit. This is traceability evidence, not independent manufacturer verification.",low,Do not treat as authoritative model documentation until the owner supplies approved manufacturer evidence.
SRC-CURRENT-cp-009-magnetic-separators-drum-magnetic-separator-1,cp-009-magnetic-separators-drum-magnetic-separator,magnetic-separators,COWIN MACHINE public product record,COWIN MACHINE public website,current-site audit evidence,https://cowinmachine.com/products/magnetic-separators/mag-series-014-014,2026-08-14,"Current URL, H1/model reference and visible specification table captured in the preceding product audit. This is traceability evidence, not independent manufacturer verification.",low,Do not treat as authoritative model documentation until the owner supplies approved manufacturer evidence.
SRC-CURRENT-cp-009-magnetic-separators-drum-magnetic-separator-2,cp-009-magnetic-separators-drum-magnetic-separator,magnetic-separators,COWIN MACHINE public product record,COWIN MACHINE public website,current-site audit evidence,https://cowinmachine.com/products/magnetic-separators/mag-series-017-017,2026-08-14,"Current URL, H1/model reference and visible specification table captured in the preceding product audit. This is traceability evidence, not independent manufacturer verification.",low,Do not treat as authoritative model documentation until the owner supplies approved manufacturer evidence.
SRC-CURRENT-cp-009-magnetic-separators-drum-magnetic-separator-3,cp-009-magnetic-separators-drum-magnetic-separator,magnetic-separators,COWIN MACHINE public product record,COWIN MACHINE public website,current-site audit evidence,https://cowinmachine.com/products/magnetic-separators/mag-series-018-018,2026-08-14,"Current URL, H1/model reference and visible specification table captured in the preceding product audit. This is traceability evidence, not independent manufacturer verification.",low,Do not treat as authoritative model documentation until the owner supplies approved manufacturer evidence.
SRC-CURRENT-cp-009-magnetic-separators-drum-magnetic-separator-4,cp-009-magnetic-separators-drum-magnetic-separator,magnetic-separators,COWIN MACHINE public product record,COWIN MACHINE public website,current-site audit evidence,https://cowinmachine.com/products/magnetic-separators/mag-series-025-025,2026-08-14,"Current URL, H1/model reference and visible specification table captured in the preceding product audit. This is traceability evidence, not independent manufacturer verification.",low,Do not treat as authoritative model documentation until the owner supplies approved manufacturer evidence.
SRC-CURRENT-cp-009-magnetic-separators-drum-magnetic-separator-5,cp-009-magnetic-separators-drum-magnetic-separator,magnetic-separators,COWIN MACHINE public product record,COWIN MACHINE public website,current-site audit evidence,https://cowinmachine.com/products/magnetic-separators/mag-series-059-059,2026-08-14,"Current URL, H1/model reference and visible specification table captured in the preceding product audit. This is traceability evidence, not independent manufacturer verification.",low,Do not treat as authoritative model documentation until the owner supplies approved manufacturer evidence.
SRC-CURRENT-cp-010-magnetic-separators-dry-magnetic-separator-1,cp-010-magnetic-separators-dry-magnetic-separator,magnetic-separators,COWIN MACHINE public product record,COWIN MACHINE public website,current-site audit evidence,https://cowinmachine.com/products/magnetic-separators/mag-series-015-015,2026-08-14,"Current URL, H1/model reference and visible specification table captured in the preceding product audit. This is traceability evidence, not independent manufacturer verification.",low,Do not treat as authoritative model documentation until the owner supplies approved manufacturer evidence.
SRC-CURRENT-cp-010-magnetic-separators-dry-magnetic-separator-2,cp-010-magnetic-separators-dry-magnetic-separator,magnetic-separators,COWIN MACHINE public product record,COWIN MACHINE public website,current-site audit evidence,https://cowinmachine.com/products/magnetic-separators/mag-series-036-036,2026-08-14,"Current URL, H1/model reference and visible specification table captured in the preceding product audit. This is traceability evidence, not independent manufacturer verification.",low,Do not treat as authoritative model documentation until the owner supplies approved manufacturer evidence.
SRC-CURRENT-cp-010-magnetic-separators-dry-magnetic-separator-3,cp-010-magnetic-separators-dry-magnetic-separator,magnetic-separators,COWIN MACHINE public product record,COWIN MACHINE public website,current-site audit evidence,https://cowinmachine.com/products/magnetic-separators/mag-series-046-046,2026-08-14,"Current URL, H1/model reference and visible specification table captured in the preceding product audit. This is traceability evidence, not independent manufacturer verification.",low,Do not treat as authoritative model documentation until the owner supplies approved manufacturer evidence.
SRC-CURRENT-cp-011-magnetic-separators-rcda-1,cp-011-magnetic-separators-rcda,magnetic-separators,COWIN MACHINE public product record,COWIN MACHINE public website,current-site audit evidence,https://cowinmachine.com/products/magnetic-separators/mag-rcda-019,2026-08-14,"Current URL, H1/model reference and visible specification table captured in the preceding product audit. This is traceability evidence, not independent manufacturer verification.",low,Do not treat as authoritative model documentation until the owner supplies approved manufacturer evidence.
SRC-CURRENT-cp-012-magnetic-separators-rcdc-1,cp-012-magnetic-separators-rcdc,magnetic-separators,COWIN MACHINE public product record,COWIN MACHINE public website,current-site audit evidence,https://cowinmachine.com/products/magnetic-separators/mag-rcdc-020,2026-08-14,"Current URL, H1/model reference and visible specification table captured in the preceding product audit. This is traceability evidence, not independent manufacturer verification.",low,Do not treat as authoritative model documentation until the owner supplies approved manufacturer evidence.
SRC-CURRENT-cp-013-magnetic-separators-rcde-1,cp-013-magnetic-separators-rcde,magnetic-separators,COWIN MACHINE public product record,COWIN MACHINE public website,current-site audit evidence,https://cowinmachine.com/products/magnetic-separators/mag-rcde-021,2026-08-14,"Current URL, H1/model reference and visible specification table captured in the preceding product audit. This is traceability evidence, not independent manufacturer verification.",low,Do not treat as authoritative model documentation until the owner supplies approved manufacturer evidence.
SRC-CURRENT-cp-014-magnetic-separators-rcdf-1,cp-014-magnetic-separators-rcdf,magnetic-separators,COWIN MACHINE public product record,COWIN MACHINE public website,current-site audit evidence,https://cowinmachine.com/products/magnetic-separators/mag-rcdf-022,2026-08-14,"Current URL, H1/model reference and visible specification table captured in the preceding product audit. This is traceability evidence, not independent manufacturer verification.",low,Do not treat as authoritative model documentation until the owner supplies approved manufacturer evidence.
SRC-CURRENT-cp-015-magnetic-separators-rcdfj-1,cp-015-magnetic-separators-rcdfj,magnetic-separators,COWIN MACHINE public product record,COWIN MACHINE public website,current-site audit evidence,https://cowinmachine.com/products/magnetic-separators/mag-rcdfj-023,2026-08-14,"Current URL, H1/model reference and visible specification table captured in the preceding product audit. This is traceability evidence, not independent manufacturer verification.",low,Do not treat as authoritative model documentation until the owner supplies approved manufacturer evidence.
SRC-CURRENT-cp-016-magnetic-separators-rcps-1,cp-016-magnetic-separators-rcps,magnetic-separators,COWIN MACHINE public product record,COWIN MACHINE public website,current-site audit evidence,https://cowinmachine.com/products/magnetic-separators/mag-rcps-024,2026-08-14,"Current URL, H1/model reference and visible specification table captured in the preceding product audit. This is traceability evidence, not independent manufacturer verification.",low,Do not treat as authoritative model documentation until the owner supplies approved manufacturer evidence.
SRC-CURRENT-cp-017-magnetic-separators-rcya-1,cp-017-magnetic-separators-rcya,magnetic-separators,COWIN MACHINE public product record,COWIN MACHINE public website,current-site audit evidence,https://cowinmachine.com/products/magnetic-separators/mag-rcya-026,2026-08-14,"Current URL, H1/model reference and visible specification table captured in the preceding product audit. This is traceability evidence, not independent manufacturer verification.",low,Do not treat as authoritative model documentation until the owner supplies approved manufacturer evidence.
SRC-CURRENT-cp-018-magnetic-separators-rcydii-1,cp-018-magnetic-separators-rcydii,magnetic-separators,COWIN MACHINE public product record,COWIN MACHINE public website,current-site audit evidence,https://cowinmachine.com/products/magnetic-separators/mag-rcydii-027,2026-08-14,"Current URL, H1/model reference and visible specification table captured in the preceding product audit. This is traceability evidence, not independent manufacturer verification.",low,Do not treat as authoritative model documentation until the owner supplies approved manufacturer evidence.
SRC-CURRENT-cp-019-magnetic-separators-rcye-1,cp-019-magnetic-separators-rcye,magnetic-separators,COWIN MACHINE public product record,COWIN MACHINE public website,current-site audit evidence,https://cowinmachine.com/products/magnetic-separators/mag-rcye-028,2026-08-14,"Current URL, H1/model reference and visible specification table captured in the preceding product audit. This is traceability evidence, not independent manufacturer verification.",low,Do not treat as authoritative model documentation until the owner supplies approved manufacturer evidence.
SRC-CURRENT-cp-020-magnetic-separators-rcyf-1,cp-020-magnetic-separators-rcyf,magnetic-separators,COWIN MACHINE public product record,COWIN MACHINE public website,current-site audit evidence,https://cowinmachine.com/products/magnetic-separators/mag-rcyf-029,2026-08-14,"Current URL, H1/model reference and visible specification table captured in the preceding product audit. This is traceability evidence, not independent manufacturer verification.",low,Do not treat as authoritative model documentation until the owner supplies approved manufacturer evidence.
SRC-CURRENT-cp-021-magnetic-separators-rcyg-1,cp-021-magnetic-separators-rcyg,magnetic-separators,COWIN MACHINE public product record,COWIN MACHINE public website,current-site audit evidence,https://cowinmachine.com/products/magnetic-separators/mag-rcyg-030,2026-08-14,"Current URL, H1/model reference and visible specification table captured in the preceding product audit. This is traceability evidence, not independent manufacturer verification.",low,Do not treat as authoritative model documentation until the owner supplies approved manufacturer evidence.
SRC-CURRENT-cp-022-magnetic-separators-rcyp-1,cp-022-magnetic-separators-rcyp,magnetic-separators,COWIN MACHINE public product record,COWIN MACHINE public website,current-site audit evidence,https://cowinmachine.com/products/magnetic-separators/mag-rcyp-031,2026-08-14,"Current URL, H1/model reference and visible specification table captured in the preceding product audit. This is traceability evidence, not independent manufacturer verification.",low,Do not treat as authoritative model documentation until the owner supplies approved manufacturer evidence.
SRC-CURRENT-cp-023-magnetic-separators-rcyz-1,cp-023-magnetic-separators-rcyz,magnetic-separators,COWIN MACHINE public product record,COWIN MACHINE public website,current-site audit evidence,https://cowinmachine.com/products/magnetic-separators/mag-rcyz-032,2026-08-14,"Current URL, H1/model reference and visible specification table captured in the preceding product audit. This is traceability evidence, not independent manufacturer verification.",low,Do not treat as authoritative model documentation until the owner supplies approved manufacturer evidence.
SRC-CURRENT-cp-023-magnetic-separators-rcyz-2,cp-023-magnetic-separators-rcyz,magnetic-separators,COWIN MACHINE public product record,COWIN MACHINE public website,current-site audit evidence,https://cowinmachine.com/products/magnetic-separators/mag-rcyz-069,2026-08-14,"Current URL, H1/model reference and visible specification table captured in the preceding product audit. This is traceability evidence, not independent manufacturer verification.",low,Do not treat as authoritative model documentation until the owner supplies approved manufacturer evidence.
SRC-CURRENT-cp-024-magnetic-separators-wet-plate-magnetic-separator-1,cp-024-magnetic-separators-wet-plate-magnetic-separator,magnetic-separators,COWIN MACHINE public product record,COWIN MACHINE public website,current-site audit evidence,https://cowinmachine.com/products/magnetic-separators/mag-series-037-037,2026-08-14,"Current URL, H1/model reference and visible specification table captured in the preceding product audit. This is traceability evidence, not independent manufacturer verification.",low,Do not treat as authoritative model documentation until the owner supplies approved manufacturer evidence.
SRC-CURRENT-cp-025-magnetic-separators-permanent-dry-magnetic-separator-1,cp-025-magnetic-separators-permanent-dry-magnetic-separator,magnetic-separators,COWIN MACHINE public product record,COWIN MACHINE public website,current-site audit evidence,https://cowinmachine.com/products/magnetic-separators/mag-series-042-042,2026-08-14,"Current URL, H1/model reference and visible specification table captured in the preceding product audit. This is traceability evidence, not independent manufacturer verification.",low,Do not treat as authoritative model documentation until the owner supplies approved manufacturer evidence.
SRC-CURRENT-cp-026-magnetic-separators-permanent-suspended-magnetic-separator-1,cp-026-magnetic-separators-permanent-suspended-magnetic-separator,magnetic-separators,COWIN MACHINE public product record,COWIN MACHINE public website,current-site audit evidence,https://cowinmachine.com/products/magnetic-separators/mag-series-053-053,2026-08-14,"Current URL, H1/model reference and visible specification table captured in the preceding product audit. This is traceability evidence, not independent manufacturer verification.",low,Do not treat as authoritative model documentation until the owner supplies approved manufacturer evidence.
SRC-CURRENT-cp-027-magnetic-separators-electromagnetic-suspended-magnetic-separator-1,cp-027-magnetic-separators-electromagnetic-suspended-magnetic-separator,magnetic-separators,COWIN MACHINE public product record,COWIN MACHINE public website,current-site audit evidence,https://cowinmachine.com/products/magnetic-separators/mag-series-054-054,2026-08-14,"Current URL, H1/model reference and visible specification table captured in the preceding product audit. This is traceability evidence, not independent manufacturer verification.",low,Do not treat as authoritative model documentation until the owner supplies approved manufacturer evidence.
SRC-CURRENT-cp-028-magnetic-separators-metal-detection-magnetic-separator-1,cp-028-magnetic-separators-metal-detection-magnetic-separator,magnetic-separators,COWIN MACHINE public product record,COWIN MACHINE public website,current-site audit evidence,https://cowinmachine.com/products/magnetic-separators/mag-series-055-055,2026-08-14,"Current URL, H1/model reference and visible specification table captured in the preceding product audit. This is traceability evidence, not independent manufacturer verification.",low,Do not treat as authoritative model documentation until the owner supplies approved manufacturer evidence.
SRC-CURRENT-cp-028-magnetic-separators-metal-detection-magnetic-separator-2,cp-028-magnetic-separators-metal-detection-magnetic-separator,magnetic-separators,COWIN MACHINE public product record,COWIN MACHINE public website,current-site audit evidence,https://cowinmachine.com/products/magnetic-separators/mag-series-056-056,2026-08-14,"Current URL, H1/model reference and visible specification table captured in the preceding product audit. This is traceability evidence, not independent manufacturer verification.",low,Do not treat as authoritative model documentation until the owner supplies approved manufacturer evidence.
SRC-CURRENT-cp-029-magnetic-separators-eddy-current-magnetic-separator-1,cp-029-magnetic-separators-eddy-current-magnetic-separator,magnetic-separators,COWIN MACHINE public product record,COWIN MACHINE public website,current-site audit evidence,https://cowinmachine.com/products/magnetic-separators/mag-series-057-057,2026-08-14,"Current URL, H1/model reference and visible specification table captured in the preceding product audit. This is traceability evidence, not independent manufacturer verification.",low,Do not treat as authoritative model documentation until the owner supplies approved manufacturer evidence.
SRC-CURRENT-cp-029-magnetic-separators-eddy-current-magnetic-separator-2,cp-029-magnetic-separators-eddy-current-magnetic-separator,magnetic-separators,COWIN MACHINE public product record,COWIN MACHINE public website,current-site audit evidence,https://cowinmachine.com/products/magnetic-separators/mag-series-058-058,2026-08-14,"Current URL, H1/model reference and visible specification table captured in the preceding product audit. This is traceability evidence, not independent manufacturer verification.",low,Do not treat as authoritative model documentation until the owner supplies approved manufacturer evidence.
SRC-CURRENT-cp-029-magnetic-separators-eddy-current-magnetic-separator-3,cp-029-magnetic-separators-eddy-current-magnetic-separator,magnetic-separators,COWIN MACHINE public product record,COWIN MACHINE public website,current-site audit evidence,https://cowinmachine.com/products/magnetic-separators/mag-series-060-060,2026-08-14,"Current URL, H1/model reference and visible specification table captured in the preceding product audit. This is traceability evidence, not independent manufacturer verification.",low,Do not treat as authoritative model documentation until the owner supplies approved manufacturer evidence.
SRC-CURRENT-cp-030-magnetic-separators-permanent-overband-magnetic-separator-1,cp-030-magnetic-separators-permanent-overband-magnetic-separator,magnetic-separators,COWIN MACHINE public product record,COWIN MACHINE public website,current-site audit evidence,https://cowinmachine.com/products/magnetic-separators/mag-series-063-063,2026-08-14,"Current URL, H1/model reference and visible specification table captured in the preceding product audit. This is traceability evidence, not independent manufacturer verification.",low,Do not treat as authoritative model documentation until the owner supplies approved manufacturer evidence.
SRC-CURRENT-cp-031-magnetic-separators-roller-magnetic-separator-1,cp-031-magnetic-separators-roller-magnetic-separator,magnetic-separators,COWIN MACHINE public product record,COWIN MACHINE public website,current-site audit evidence,https://cowinmachine.com/products/magnetic-separators/mag-series-067-067,2026-08-14,"Current URL, H1/model reference and visible specification table captured in the preceding product audit. This is traceability evidence, not independent manufacturer verification.",low,Do not treat as authoritative model documentation until the owner supplies approved manufacturer evidence.
SRC-CURRENT-cp-031-magnetic-separators-roller-magnetic-separator-2,cp-031-magnetic-separators-roller-magnetic-separator,magnetic-separators,COWIN MACHINE public product record,COWIN MACHINE public website,current-site audit evidence,https://cowinmachine.com/products/magnetic-separators/mag-series-071-071,2026-08-14,"Current URL, H1/model reference and visible specification table captured in the preceding product audit. This is traceability evidence, not independent manufacturer verification.",low,Do not treat as authoritative model documentation until the owner supplies approved manufacturer evidence.
SRC-CURRENT-cp-031-magnetic-separators-roller-magnetic-separator-3,cp-031-magnetic-separators-roller-magnetic-separator,magnetic-separators,COWIN MACHINE public product record,COWIN MACHINE public website,current-site audit evidence,https://cowinmachine.com/products/magnetic-separators/mag-series-072-072,2026-08-14,"Current URL, H1/model reference and visible specification table captured in the preceding product audit. This is traceability evidence, not independent manufacturer verification.",low,Do not treat as authoritative model documentation until the owner supplies approved manufacturer evidence.
SRC-CURRENT-cp-032-magnetic-separators-wet-roller-magnetic-separator-1,cp-032-magnetic-separators-wet-roller-magnetic-separator,magnetic-separators,COWIN MACHINE public product record,COWIN MACHINE public website,current-site audit evidence,https://cowinmachine.com/products/magnetic-separators/mag-series-073-073,2026-08-14,"Current URL, H1/model reference and visible specification table captured in the preceding product audit. This is traceability evidence, not independent manufacturer verification.",low,Do not treat as authoritative model documentation until the owner supplies approved manufacturer evidence.
SRC-CURRENT-cp-033-magnetic-separators-permanent-magnetic-separator-1,cp-033-magnetic-separators-permanent-magnetic-separator,magnetic-separators,COWIN MACHINE public product record,COWIN MACHINE public website,current-site audit evidence,https://cowinmachine.com/products/magnetic-separators/mag-series-080-080,2026-08-14,"Current URL, H1/model reference and visible specification table captured in the preceding product audit. This is traceability evidence, not independent manufacturer verification.",low,Do not treat as authoritative model documentation until the owner supplies approved manufacturer evidence.
SRC-CURRENT-cp-033-magnetic-separators-permanent-magnetic-separator-2,cp-033-magnetic-separators-permanent-magnetic-separator,magnetic-separators,COWIN MACHINE public product record,COWIN MACHINE public website,current-site audit evidence,https://cowinmachine.com/products/magnetic-separators/mag-series-084-084,2026-08-14,"Current URL, H1/model reference and visible specification table captured in the preceding product audit. This is traceability evidence, not independent manufacturer verification.",low,Do not treat as authoritative model documentation until the owner supplies approved manufacturer evidence.
SRC-CURRENT-cp-034-magnetic-separators-electromagnetic-magnetic-separator-1,cp-034-magnetic-separators-electromagnetic-magnetic-separator,magnetic-separators,COWIN MACHINE public product record,COWIN MACHINE public website,current-site audit evidence,https://cowinmachine.com/products/magnetic-separators/mag-series-083-083,2026-08-14,"Current URL, H1/model reference and visible specification table captured in the preceding product audit. This is traceability evidence, not independent manufacturer verification.",low,Do not treat as authoritative model documentation until the owner supplies approved manufacturer evidence.
SRC-CURRENT-cp-034-magnetic-separators-electromagnetic-magnetic-separator-2,cp-034-magnetic-separators-electromagnetic-magnetic-separator,magnetic-separators,COWIN MACHINE public product record,COWIN MACHINE public website,current-site audit evidence,https://cowinmachine.com/products/magnetic-separators/mag-series-085-085,2026-08-14,"Current URL, H1/model reference and visible specification table captured in the preceding product audit. This is traceability evidence, not independent manufacturer verification.",low,Do not treat as authoritative model documentation until the owner supplies approved manufacturer evidence.
SRC-CURRENT-cp-034-magnetic-separators-electromagnetic-magnetic-separator-3,cp-034-magnetic-separators-electromagnetic-magnetic-separator,magnetic-separators,COWIN MACHINE public product record,COWIN MACHINE public website,current-site audit evidence,https://cowinmachine.com/products/magnetic-separators/mag-series-088-088,2026-08-14,"Current URL, H1/model reference and visible specification table captured in the preceding product audit. This is traceability evidence, not independent manufacturer verification.",low,Do not treat as authoritative model documentation until the owner supplies approved manufacturer evidence.
SRC-CURRENT-cp-035-magnetic-separators-automatic-discharge-electromagnetic-magnetic-separat-1,cp-035-magnetic-separators-automatic-discharge-electromagnetic-magnetic-separat,magnetic-separators,COWIN MACHINE public product record,COWIN MACHINE public website,current-site audit evidence,https://cowinmachine.com/products/magnetic-separators/mag-series-086-086,2026-08-14,"Current URL, H1/model reference and visible specification table captured in the preceding product audit. This is traceability evidence, not independent manufacturer verification.",low,Do not treat as authoritative model documentation until the owner supplies approved manufacturer evidence.
SRC-CURRENT-cp-036-magnetic-separators-automatic-discharge-permanent-magnetic-separator-1,cp-036-magnetic-separators-automatic-discharge-permanent-magnetic-separator,magnetic-separators,COWIN MACHINE public product record,COWIN MACHINE public website,current-site audit evidence,https://cowinmachine.com/products/magnetic-separators/mag-series-087-087,2026-08-14,"Current URL, H1/model reference and visible specification table captured in the preceding product audit. This is traceability evidence, not independent manufacturer verification.",low,Do not treat as authoritative model documentation until the owner supplies approved manufacturer evidence.
SRC-CURRENT-cp-037-mobile-lighting-systems-tower-ust300l-solar-mobile-light-tower-1,cp-037-mobile-lighting-systems-tower-ust300l-solar-mobile-light-tower,mobile-lighting-systems,COWIN MACHINE public product record,COWIN MACHINE public website,current-site audit evidence,https://cowinmachine.com/products/mobile-lighting-systems/tower-tower-ust300l-089,2026-08-14,"Current URL, H1/model reference and visible specification table captured in the preceding product audit. This is traceability evidence, not independent manufacturer verification.",low,Do not treat as authoritative model documentation until the owner supplies approved manufacturer evidence.
SRC-CURRENT-cp-038-mobile-lighting-systems-ust600l-1,cp-038-mobile-lighting-systems-ust600l,mobile-lighting-systems,COWIN MACHINE public product record,COWIN MACHINE public website,current-site audit evidence,https://cowinmachine.com/products/mobile-lighting-systems/tower-ust600l-090,2026-08-14,"Current URL, H1/model reference and visible specification table captured in the preceding product audit. This is traceability evidence, not independent manufacturer verification.",low,Do not treat as authoritative model documentation until the owner supplies approved manufacturer evidence.
SRC-CURRENT-cp-039-mobile-lighting-systems-site-ust900l-solar-mobile-light-tower-1,cp-039-mobile-lighting-systems-site-ust900l-solar-mobile-light-tower,mobile-lighting-systems,COWIN MACHINE public product record,COWIN MACHINE public website,current-site audit evidence,https://cowinmachine.com/products/mobile-lighting-systems/tower-site-ust900l-091,2026-08-14,"Current URL, H1/model reference and visible specification table captured in the preceding product audit. This is traceability evidence, not independent manufacturer verification.",low,Do not treat as authoritative model documentation until the owner supplies approved manufacturer evidence.
SRC-CURRENT-cp-040-mobile-lighting-systems-tower-ust1200l-solar-mobile-light-tower-1,cp-040-mobile-lighting-systems-tower-ust1200l-solar-mobile-light-tower,mobile-lighting-systems,COWIN MACHINE public product record,COWIN MACHINE public website,current-site audit evidence,https://cowinmachine.com/products/mobile-lighting-systems/tower-tower-ust1200l-092,2026-08-14,"Current URL, H1/model reference and visible specification table captured in the preceding product audit. This is traceability evidence, not independent manufacturer verification.",low,Do not treat as authoritative model documentation until the owner supplies approved manufacturer evidence.
SRC-CURRENT-cp-041-mobile-lighting-systems-tower-ust1800l-solar-mobile-light-tower-1,cp-041-mobile-lighting-systems-tower-ust1800l-solar-mobile-light-tower,mobile-lighting-systems,COWIN MACHINE public product record,COWIN MACHINE public website,current-site audit evidence,https://cowinmachine.com/products/mobile-lighting-systems/tower-tower-ust1800l-093,2026-08-14,"Current URL, H1/model reference and visible specification table captured in the preceding product audit. This is traceability evidence, not independent manufacturer verification.",low,Do not treat as authoritative model documentation until the owner supplies approved manufacturer evidence.
SRC-CURRENT-cp-042-mobile-lighting-systems-tower-ust2400l-solar-mobile-light-tower-1,cp-042-mobile-lighting-systems-tower-ust2400l-solar-mobile-light-tower,mobile-lighting-systems,COWIN MACHINE public product record,COWIN MACHINE public website,current-site audit evidence,https://cowinmachine.com/products/mobile-lighting-systems/tower-tower-ust2400l-094,2026-08-14,"Current URL, H1/model reference and visible specification table captured in the preceding product audit. This is traceability evidence, not independent manufacturer verification.",low,Do not treat as authoritative model documentation until the owner supplies approved manufacturer evidence.
SRC-CURRENT-cp-043-mobile-lighting-systems-solar-mobile-light-tower-1,cp-043-mobile-lighting-systems-solar-mobile-light-tower,mobile-lighting-systems,COWIN MACHINE public product record,COWIN MACHINE public website,current-site audit evidence,https://cowinmachine.com/products/mobile-lighting-systems/tower-series-095-095,2026-08-14,"Current URL, H1/model reference and visible specification table captured in the preceding product audit. This is traceability evidence, not independent manufacturer verification.",low,Do not treat as authoritative model documentation until the owner supplies approved manufacturer evidence.
SRC-CURRENT-cp-044-mobile-lighting-systems-ust-300s-1,cp-044-mobile-lighting-systems-ust-300s,mobile-lighting-systems,COWIN MACHINE public product record,COWIN MACHINE public website,current-site audit evidence,https://cowinmachine.com/products/mobile-lighting-systems/tower-ust-300s-096,2026-08-14,"Current URL, H1/model reference and visible specification table captured in the preceding product audit. This is traceability evidence, not independent manufacturer verification.",low,Do not treat as authoritative model documentation until the owner supplies approved manufacturer evidence.
SRC-CURRENT-cp-044-mobile-lighting-systems-ust-300s-2,cp-044-mobile-lighting-systems-ust-300s,mobile-lighting-systems,COWIN MACHINE public product record,COWIN MACHINE public website,current-site audit evidence,https://cowinmachine.com/products/mobile-lighting-systems/tower-ust-300s-111,2026-08-14,"Current URL, H1/model reference and visible specification table captured in the preceding product audit. This is traceability evidence, not independent manufacturer verification.",low,Do not treat as authoritative model documentation until the owner supplies approved manufacturer evidence.
SRC-CURRENT-cp-045-mobile-lighting-systems-ust-600s-1,cp-045-mobile-lighting-systems-ust-600s,mobile-lighting-systems,COWIN MACHINE public product record,COWIN MACHINE public website,current-site audit evidence,https://cowinmachine.com/products/mobile-lighting-systems/tower-ust-600s-097,2026-08-14,"Current URL, H1/model reference and visible specification table captured in the preceding product audit. This is traceability evidence, not independent manufacturer verification.",low,Do not treat as authoritative model documentation until the owner supplies approved manufacturer evidence.
SRC-CURRENT-cp-045-mobile-lighting-systems-ust-600s-2,cp-045-mobile-lighting-systems-ust-600s,mobile-lighting-systems,COWIN MACHINE public product record,COWIN MACHINE public website,current-site audit evidence,https://cowinmachine.com/products/mobile-lighting-systems/tower-ust-600s-105,2026-08-14,"Current URL, H1/model reference and visible specification table captured in the preceding product audit. This is traceability evidence, not independent manufacturer verification.",low,Do not treat as authoritative model documentation until the owner supplies approved manufacturer evidence.
SRC-CURRENT-cp-046-mobile-lighting-systems-ust-900s-1,cp-046-mobile-lighting-systems-ust-900s,mobile-lighting-systems,COWIN MACHINE public product record,COWIN MACHINE public website,current-site audit evidence,https://cowinmachine.com/products/mobile-lighting-systems/tower-ust-900s-098,2026-08-14,"Current URL, H1/model reference and visible specification table captured in the preceding product audit. This is traceability evidence, not independent manufacturer verification.",low,Do not treat as authoritative model documentation until the owner supplies approved manufacturer evidence.
SRC-CURRENT-cp-046-mobile-lighting-systems-ust-900s-2,cp-046-mobile-lighting-systems-ust-900s,mobile-lighting-systems,COWIN MACHINE public product record,COWIN MACHINE public website,current-site audit evidence,https://cowinmachine.com/products/mobile-lighting-systems/tower-ust-900s-118,2026-08-14,"Current URL, H1/model reference and visible specification table captured in the preceding product audit. This is traceability evidence, not independent manufacturer verification.",low,Do not treat as authoritative model documentation until the owner supplies approved manufacturer evidence.
SRC-CURRENT-cp-046-mobile-lighting-systems-ust-900s-3,cp-046-mobile-lighting-systems-ust-900s,mobile-lighting-systems,COWIN MACHINE public product record,COWIN MACHINE public website,current-site audit evidence,https://cowinmachine.com/products/mobile-lighting-systems/tower-ust-900s-119,2026-08-14,"Current URL, H1/model reference and visible specification table captured in the preceding product audit. This is traceability evidence, not independent manufacturer verification.",low,Do not treat as authoritative model documentation until the owner supplies approved manufacturer evidence.
SRC-CURRENT-cp-046-mobile-lighting-systems-ust-900s-4,cp-046-mobile-lighting-systems-ust-900s,mobile-lighting-systems,COWIN MACHINE public product record,COWIN MACHINE public website,current-site audit evidence,https://cowinmachine.com/products/mobile-lighting-systems/tower-ust-900s-201,2026-08-14,"Current URL, H1/model reference and visible specification table captured in the preceding product audit. This is traceability evidence, not independent manufacturer verification.",low,Do not treat as authoritative model documentation until the owner supplies approved manufacturer evidence.
SRC-CURRENT-cp-047-mobile-lighting-systems-ust1200-1,cp-047-mobile-lighting-systems-ust1200,mobile-lighting-systems,COWIN MACHINE public product record,COWIN MACHINE public website,current-site audit evidence,https://cowinmachine.com/products/mobile-lighting-systems/tower-ust1200-099,2026-08-14,"Current URL, H1/model reference and visible specification table captured in the preceding product audit. This is traceability evidence, not independent manufacturer verification.",low,Do not treat as authoritative model documentation until the owner supplies approved manufacturer evidence.
SRC-CURRENT-cp-048-mobile-lighting-systems-block-ubt300s-solar-surveillance-mobile-light-to-1,cp-048-mobile-lighting-systems-block-ubt300s-solar-surveillance-mobile-light-to,mobile-lighting-systems,COWIN MACHINE public product record,COWIN MACHINE public website,current-site audit evidence,https://cowinmachine.com/products/mobile-lighting-systems/tower-block-ubt300s-100,2026-08-14,"Current URL, H1/model reference and visible specification table captured in the preceding product audit. This is traceability evidence, not independent manufacturer verification.",low,Do not treat as authoritative model documentation until the owner supplies approved manufacturer evidence.
SRC-CURRENT-cp-049-mobile-lighting-systems-solar-surveillance-mobile-light-tower-1,cp-049-mobile-lighting-systems-solar-surveillance-mobile-light-tower,mobile-lighting-systems,COWIN MACHINE public product record,COWIN MACHINE public website,current-site audit evidence,https://cowinmachine.com/products/mobile-lighting-systems/tower-series-101-101,2026-08-14,"Current URL, H1/model reference and visible specification table captured in the preceding product audit. This is traceability evidence, not independent manufacturer verification.",low,Do not treat as authoritative model documentation until the owner supplies approved manufacturer evidence.
SRC-CURRENT-cp-050-mobile-lighting-systems-ugt-10ql-1,cp-050-mobile-lighting-systems-ugt-10ql,mobile-lighting-systems,COWIN MACHINE public product record,COWIN MACHINE public website,current-site audit evidence,https://cowinmachine.com/products/mobile-lighting-systems/tower-ugt-10ql-102,2026-08-14,"Current URL, H1/model reference and visible specification table captured in the preceding product audit. This is traceability evidence, not independent manufacturer verification.",low,Do not treat as authoritative model documentation until the owner supplies approved manufacturer evidence.
SRC-CURRENT-cp-051-mobile-lighting-systems-ugt-1600-1,cp-051-mobile-lighting-systems-ugt-1600,mobile-lighting-systems,COWIN MACHINE public product record,COWIN MACHINE public website,current-site audit evidence,https://cowinmachine.com/products/mobile-lighting-systems/tower-ugt-1600-103,2026-08-14,"Current URL, H1/model reference and visible specification table captured in the preceding product audit. This is traceability evidence, not independent manufacturer verification.",low,Do not treat as authoritative model documentation until the owner supplies approved manufacturer evidence.
SRC-CURRENT-cp-052-mobile-lighting-systems-gdq5a-4r-1,cp-052-mobile-lighting-systems-gdq5a-4r,mobile-lighting-systems,COWIN MACHINE public product record,COWIN MACHINE public website,current-site audit evidence,https://cowinmachine.com/products/mobile-lighting-systems/tower-gdq5a-4r-104,2026-08-14,"Current URL, H1/model reference and visible specification table captured in the preceding product audit. This is traceability evidence, not independent manufacturer verification.",low,Do not treat as authoritative model documentation until the owner supplies approved manufacturer evidence.
SRC-CURRENT-cp-053-mobile-lighting-systems-ugt4000pled-1,cp-053-mobile-lighting-systems-ugt4000pled,mobile-lighting-systems,COWIN MACHINE public product record,COWIN MACHINE public website,current-site audit evidence,https://cowinmachine.com/products/mobile-lighting-systems/tower-ugt4000pled-106,2026-08-14,"Current URL, H1/model reference and visible specification table captured in the preceding product audit. This is traceability evidence, not independent manufacturer verification.",low,Do not treat as authoritative model documentation until the owner supplies approved manufacturer evidence.
SRC-CURRENT-cp-054-mobile-lighting-systems-ugt4000pmh-1,cp-054-mobile-lighting-systems-ugt4000pmh,mobile-lighting-systems,COWIN MACHINE public product record,COWIN MACHINE public website,current-site audit evidence,https://cowinmachine.com/products/mobile-lighting-systems/tower-ugt4000pmh-107,2026-08-14,"Current URL, H1/model reference and visible specification table captured in the preceding product audit. This is traceability evidence, not independent manufacturer verification.",low,Do not treat as authoritative model documentation until the owner supplies approved manufacturer evidence.
SRC-CURRENT-cp-055-mobile-lighting-systems-ugt-7000pled-1,cp-055-mobile-lighting-systems-ugt-7000pled,mobile-lighting-systems,COWIN MACHINE public product record,COWIN MACHINE public website,current-site audit evidence,https://cowinmachine.com/products/mobile-lighting-systems/tower-ugt-7000pled-108,2026-08-14,"Current URL, H1/model reference and visible specification table captured in the preceding product audit. This is traceability evidence, not independent manufacturer verification.",low,Do not treat as authoritative model documentation until the owner supplies approved manufacturer evidence.
SRC-CURRENT-cp-056-mobile-lighting-systems-x-cube-x-cube-hybrid-1,cp-056-mobile-lighting-systems-x-cube-x-cube-hybrid,mobile-lighting-systems,COWIN MACHINE public product record,COWIN MACHINE public website,current-site audit evidence,https://cowinmachine.com/products/mobile-lighting-systems/tower-x-cube-x-cube-hybrid-109,2026-08-14,"Current URL, H1/model reference and visible specification table captured in the preceding product audit. This is traceability evidence, not independent manufacturer verification.",low,Do not treat as authoritative model documentation until the owner supplies approved manufacturer evidence.
SRC-CURRENT-cp-057-mobile-lighting-systems-trailers-uht7000pled-mobile-light-tower-1,cp-057-mobile-lighting-systems-trailers-uht7000pled-mobile-light-tower,mobile-lighting-systems,COWIN MACHINE public product record,COWIN MACHINE public website,current-site audit evidence,https://cowinmachine.com/products/mobile-lighting-systems/tower-trailers-uht7000pled-110,2026-08-14,"Current URL, H1/model reference and visible specification table captured in the preceding product audit. This is traceability evidence, not independent manufacturer verification.",low,Do not treat as authoritative model documentation until the owner supplies approved manufacturer evidence.
SRC-CURRENT-cp-058-mobile-lighting-systems-t-720ap-1,cp-058-mobile-lighting-systems-t-720ap,mobile-lighting-systems,COWIN MACHINE public product record,COWIN MACHINE public website,current-site audit evidence,https://cowinmachine.com/products/mobile-lighting-systems/tower-t-720ap-112,2026-08-14,"Current URL, H1/model reference and visible specification table captured in the preceding product audit. This is traceability evidence, not independent manufacturer verification.",low,Do not treat as authoritative model documentation until the owner supplies approved manufacturer evidence.
SRC-CURRENT-cp-059-mobile-lighting-systems-uni-t1-1,cp-059-mobile-lighting-systems-uni-t1,mobile-lighting-systems,COWIN MACHINE public product record,COWIN MACHINE public website,current-site audit evidence,https://cowinmachine.com/products/mobile-lighting-systems/tower-uni-t1-113,2026-08-14,"Current URL, H1/model reference and visible specification table captured in the preceding product audit. This is traceability evidence, not independent manufacturer verification.",low,Do not treat as authoritative model documentation until the owner supplies approved manufacturer evidence.
SRC-CURRENT-cp-060-mobile-lighting-systems-ust-600-1,cp-060-mobile-lighting-systems-ust-600,mobile-lighting-systems,COWIN MACHINE public product record,COWIN MACHINE public website,current-site audit evidence,https://cowinmachine.com/products/mobile-lighting-systems/tower-ust-600-114,2026-08-14,"Current URL, H1/model reference and visible specification table captured in the preceding product audit. This is traceability evidence, not independent manufacturer verification.",low,Do not treat as authoritative model documentation until the owner supplies approved manufacturer evidence.
SRC-CURRENT-cp-061-mobile-lighting-systems-uni-t2a-1,cp-061-mobile-lighting-systems-uni-t2a,mobile-lighting-systems,COWIN MACHINE public product record,COWIN MACHINE public website,current-site audit evidence,https://cowinmachine.com/products/mobile-lighting-systems/tower-uni-t2a-115,2026-08-14,"Current URL, H1/model reference and visible specification table captured in the preceding product audit. This is traceability evidence, not independent manufacturer verification.",low,Do not treat as authoritative model documentation until the owner supplies approved manufacturer evidence.
SRC-CURRENT-cp-062-mobile-lighting-systems-uni-t2c-1,cp-062-mobile-lighting-systems-uni-t2c,mobile-lighting-systems,COWIN MACHINE public product record,COWIN MACHINE public website,current-site audit evidence,https://cowinmachine.com/products/mobile-lighting-systems/tower-uni-t2c-116,2026-08-14,"Current URL, H1/model reference and visible specification table captured in the preceding product audit. This is traceability evidence, not independent manufacturer verification.",low,Do not treat as authoritative model documentation until the owner supplies approved manufacturer evidence.
SRC-CURRENT-cp-063-mobile-lighting-systems-uni-t2h-1,cp-063-mobile-lighting-systems-uni-t2h,mobile-lighting-systems,COWIN MACHINE public product record,COWIN MACHINE public website,current-site audit evidence,https://cowinmachine.com/products/mobile-lighting-systems/tower-uni-t2h-117,2026-08-14,"Current URL, H1/model reference and visible specification table captured in the preceding product audit. This is traceability evidence, not independent manufacturer verification.",low,Do not treat as authoritative model documentation until the owner supplies approved manufacturer evidence.
SRC-CURRENT-cp-064-mobile-lighting-systems-ust-1200s-1,cp-064-mobile-lighting-systems-ust-1200s,mobile-lighting-systems,COWIN MACHINE public product record,COWIN MACHINE public website,current-site audit evidence,https://cowinmachine.com/products/mobile-lighting-systems/tower-ust-1200s-120,2026-08-14,"Current URL, H1/model reference and visible specification table captured in the preceding product audit. This is traceability evidence, not independent manufacturer verification.",low,Do not treat as authoritative model documentation until the owner supplies approved manufacturer evidence.
SRC-CURRENT-cp-064-mobile-lighting-systems-ust-1200s-2,cp-064-mobile-lighting-systems-ust-1200s,mobile-lighting-systems,COWIN MACHINE public product record,COWIN MACHINE public website,current-site audit evidence,https://cowinmachine.com/products/mobile-lighting-systems/tower-ust-1200s-121,2026-08-14,"Current URL, H1/model reference and visible specification table captured in the preceding product audit. This is traceability evidence, not independent manufacturer verification.",low,Do not treat as authoritative model documentation until the owner supplies approved manufacturer evidence.
SRC-CURRENT-cp-065-compressed-air-equipment-zd10lg-8-1,cp-065-compressed-air-equipment-zd10lg-8,compressed-air-equipment,COWIN MACHINE public product record,COWIN MACHINE public website,current-site audit evidence,https://cowinmachine.com/products/compressed-air-equipment/air-zd10lg-8-122,2026-08-14,"Current URL, H1/model reference and visible specification table captured in the preceding product audit. This is traceability evidence, not independent manufacturer verification.",low,Do not treat as authoritative model documentation until the owner supplies approved manufacturer evidence.
SRC-CURRENT-cp-066-compressed-air-equipment-zd10lv-8-1,cp-066-compressed-air-equipment-zd10lv-8,compressed-air-equipment,COWIN MACHINE public product record,COWIN MACHINE public website,current-site audit evidence,https://cowinmachine.com/products/compressed-air-equipment/air-zd10lv-8-123,2026-08-14,"Current URL, H1/model reference and visible specification table captured in the preceding product audit. This is traceability evidence, not independent manufacturer verification.",low,Do not treat as authoritative model documentation until the owner supplies approved manufacturer evidence.
SRC-CURRENT-cp-067-magnetic-separators-zd15lv-8-1,cp-067-magnetic-separators-zd15lv-8,magnetic-separators,COWIN MACHINE public product record,COWIN MACHINE public website,current-site audit evidence,https://cowinmachine.com/products/magnetic-separators/mag-zd15lv-8-124,2026-08-14,"Current URL, H1/model reference and visible specification table captured in the preceding product audit. This is traceability evidence, not independent manufacturer verification.",low,Do not treat as authoritative model documentation until the owner supplies approved manufacturer evidence.
SRC-CURRENT-cp-068-compressed-air-equipment-zd20-1,cp-068-compressed-air-equipment-zd20,compressed-air-equipment,COWIN MACHINE public product record,COWIN MACHINE public website,current-site audit evidence,https://cowinmachine.com/products/compressed-air-equipment/air-zd20-125,2026-08-14,"Current URL, H1/model reference and visible specification table captured in the preceding product audit. This is traceability evidence, not independent manufacturer verification.",low,Do not treat as authoritative model documentation until the owner supplies approved manufacturer evidence.
SRC-CURRENT-cp-069-compressed-air-equipment-zd30-1,cp-069-compressed-air-equipment-zd30,compressed-air-equipment,COWIN MACHINE public product record,COWIN MACHINE public website,current-site audit evidence,https://cowinmachine.com/products/compressed-air-equipment/air-zd30-126,2026-08-14,"Current URL, H1/model reference and visible specification table captured in the preceding product audit. This is traceability evidence, not independent manufacturer verification.",low,Do not treat as authoritative model documentation until the owner supplies approved manufacturer evidence.
SRC-CURRENT-cp-070-compressed-air-equipment-zd50lv-8-1,cp-070-compressed-air-equipment-zd50lv-8,compressed-air-equipment,COWIN MACHINE public product record,COWIN MACHINE public website,current-site audit evidence,https://cowinmachine.com/products/compressed-air-equipment/air-zd50lv-8-127,2026-08-14,"Current URL, H1/model reference and visible specification table captured in the preceding product audit. This is traceability evidence, not independent manufacturer verification.",low,Do not treat as authoritative model documentation until the owner supplies approved manufacturer evidence.
SRC-CURRENT-cp-070-compressed-air-equipment-zd50lv-8-2,cp-070-compressed-air-equipment-zd50lv-8,compressed-air-equipment,COWIN MACHINE public product record,COWIN MACHINE public website,current-site audit evidence,https://cowinmachine.com/products/compressed-air-equipment/air-zd50lv-8-128,2026-08-14,"Current URL, H1/model reference and visible specification table captured in the preceding product audit. This is traceability evidence, not independent manufacturer verification.",low,Do not treat as authoritative model documentation until the owner supplies approved manufacturer evidence.
SRC-CURRENT-cp-071-compressed-air-equipment-kylc-18-1,cp-071-compressed-air-equipment-kylc-18,compressed-air-equipment,COWIN MACHINE public product record,COWIN MACHINE public website,current-site audit evidence,https://cowinmachine.com/products/compressed-air-equipment/air-kylc-18-129,2026-08-14,"Current URL, H1/model reference and visible specification table captured in the preceding product audit. This is traceability evidence, not independent manufacturer verification.",low,Do not treat as authoritative model documentation until the owner supplies approved manufacturer evidence.
SRC-CURRENT-cp-072-compressed-air-equipment-zdy75d-7-1,cp-072-compressed-air-equipment-zdy75d-7,compressed-air-equipment,COWIN MACHINE public product record,COWIN MACHINE public website,current-site audit evidence,https://cowinmachine.com/products/compressed-air-equipment/air-zdy75d-7-130,2026-08-14,"Current URL, H1/model reference and visible specification table captured in the preceding product audit. This is traceability evidence, not independent manufacturer verification.",low,Do not treat as authoritative model documentation until the owner supplies approved manufacturer evidence.
SRC-CURRENT-cp-073-compressed-air-equipment-zdy90d-7-1,cp-073-compressed-air-equipment-zdy90d-7,compressed-air-equipment,COWIN MACHINE public product record,COWIN MACHINE public website,current-site audit evidence,https://cowinmachine.com/products/compressed-air-equipment/air-zdy90d-7-131,2026-08-14,"Current URL, H1/model reference and visible specification table captured in the preceding product audit. This is traceability evidence, not independent manufacturer verification.",low,Do not treat as authoritative model documentation until the owner supplies approved manufacturer evidence.
SRC-CURRENT-cp-074-compressed-air-equipment-zdy132d-8-1,cp-074-compressed-air-equipment-zdy132d-8,compressed-air-equipment,COWIN MACHINE public product record,COWIN MACHINE public website,current-site audit evidence,https://cowinmachine.com/products/compressed-air-equipment/air-zdy132d-8-132,2026-08-14,"Current URL, H1/model reference and visible specification table captured in the preceding product audit. This is traceability evidence, not independent manufacturer verification.",low,Do not treat as authoritative model documentation until the owner supplies approved manufacturer evidence.
SRC-CURRENT-cp-075-compressed-air-equipment-zdcy-5-8-1,cp-075-compressed-air-equipment-zdcy-5-8,compressed-air-equipment,COWIN MACHINE public product record,COWIN MACHINE public website,current-site audit evidence,https://cowinmachine.com/products/compressed-air-equipment/air-zdcy-5-8-133,2026-08-14,"Current URL, H1/model reference and visible specification table captured in the preceding product audit. This is traceability evidence, not independent manufacturer verification.",low,Do not treat as authoritative model documentation until the owner supplies approved manufacturer evidence.
SRC-CURRENT-cp-075-compressed-air-equipment-zdcy-5-8-2,cp-075-compressed-air-equipment-zdcy-5-8,compressed-air-equipment,COWIN MACHINE public product record,COWIN MACHINE public website,current-site audit evidence,https://cowinmachine.com/products/compressed-air-equipment/air-zdcy-5-8-188,2026-08-14,"Current URL, H1/model reference and visible specification table captured in the preceding product audit. This is traceability evidence, not independent manufacturer verification.",low,Do not treat as authoritative model documentation until the owner supplies approved manufacturer evidence.
SRC-CURRENT-cp-076-compressed-air-equipment-zdyl-20-20-1,cp-076-compressed-air-equipment-zdyl-20-20,compressed-air-equipment,COWIN MACHINE public product record,COWIN MACHINE public website,current-site audit evidence,https://cowinmachine.com/products/compressed-air-equipment/air-zdyl-20-20-134,2026-08-14,"Current URL, H1/model reference and visible specification table captured in the preceding product audit. This is traceability evidence, not independent manufacturer verification.",low,Do not treat as authoritative model documentation until the owner supplies approved manufacturer evidence.
SRC-CURRENT-cp-077-compressed-air-equipment-zd-40-1,cp-077-compressed-air-equipment-zd-40,compressed-air-equipment,COWIN MACHINE public product record,COWIN MACHINE public website,current-site audit evidence,https://cowinmachine.com/products/compressed-air-equipment/air-zd-40-25-135,2026-08-14,"Current URL, H1/model reference and visible specification table captured in the preceding product audit. This is traceability evidence, not independent manufacturer verification.",low,Do not treat as authoritative model documentation until the owner supplies approved manufacturer evidence.
SRC-CURRENT-cp-078-compressed-air-equipment-zd-20-1,cp-078-compressed-air-equipment-zd-20,compressed-air-equipment,COWIN MACHINE public product record,COWIN MACHINE public website,current-site audit evidence,https://cowinmachine.com/products/compressed-air-equipment/air-zd-20-20-136,2026-08-14,"Current URL, H1/model reference and visible specification table captured in the preceding product audit. This is traceability evidence, not independent manufacturer verification.",low,Do not treat as authoritative model documentation until the owner supplies approved manufacturer evidence.
SRC-CURRENT-cp-079-compressed-air-equipment-diesel-piston-air-compressor-1,cp-079-compressed-air-equipment-diesel-piston-air-compressor,compressed-air-equipment,COWIN MACHINE public product record,COWIN MACHINE public website,current-site audit evidence,https://cowinmachine.com/products/compressed-air-equipment/air-series-137-137,2026-08-14,"Current URL, H1/model reference and visible specification table captured in the preceding product audit. This is traceability evidence, not independent manufacturer verification.",low,Do not treat as authoritative model documentation until the owner supplies approved manufacturer evidence.
SRC-CURRENT-cp-079-compressed-air-equipment-diesel-piston-air-compressor-2,cp-079-compressed-air-equipment-diesel-piston-air-compressor,compressed-air-equipment,COWIN MACHINE public product record,COWIN MACHINE public website,current-site audit evidence,https://cowinmachine.com/products/compressed-air-equipment/air-series-138-138,2026-08-14,"Current URL, H1/model reference and visible specification table captured in the preceding product audit. This is traceability evidence, not independent manufacturer verification.",low,Do not treat as authoritative model documentation until the owner supplies approved manufacturer evidence.
SRC-CURRENT-cp-079-compressed-air-equipment-diesel-piston-air-compressor-3,cp-079-compressed-air-equipment-diesel-piston-air-compressor,compressed-air-equipment,COWIN MACHINE public product record,COWIN MACHINE public website,current-site audit evidence,https://cowinmachine.com/products/compressed-air-equipment/air-series-139-139,2026-08-14,"Current URL, H1/model reference and visible specification table captured in the preceding product audit. This is traceability evidence, not independent manufacturer verification.",low,Do not treat as authoritative model documentation until the owner supplies approved manufacturer evidence.
SRC-CURRENT-cp-080-compressed-air-equipment-piston-air-compressor-1,cp-080-compressed-air-equipment-piston-air-compressor,compressed-air-equipment,COWIN MACHINE public product record,COWIN MACHINE public website,current-site audit evidence,https://cowinmachine.com/products/compressed-air-equipment/air-series-140-140,2026-08-14,"Current URL, H1/model reference and visible specification table captured in the preceding product audit. This is traceability evidence, not independent manufacturer verification.",low,Do not treat as authoritative model documentation until the owner supplies approved manufacturer evidence.
SRC-CURRENT-cp-081-compressed-air-equipment-diesel-portable-piston-air-compressor-1,cp-081-compressed-air-equipment-diesel-portable-piston-air-compressor,compressed-air-equipment,COWIN MACHINE public product record,COWIN MACHINE public website,current-site audit evidence,https://cowinmachine.com/products/compressed-air-equipment/air-series-141-141,2026-08-14,"Current URL, H1/model reference and visible specification table captured in the preceding product audit. This is traceability evidence, not independent manufacturer verification.",low,Do not treat as authoritative model documentation until the owner supplies approved manufacturer evidence.
SRC-CURRENT-cp-081-compressed-air-equipment-diesel-portable-piston-air-compressor-2,cp-081-compressed-air-equipment-diesel-portable-piston-air-compressor,compressed-air-equipment,COWIN MACHINE public product record,COWIN MACHINE public website,current-site audit evidence,https://cowinmachine.com/products/compressed-air-equipment/air-series-142-142,2026-08-14,"Current URL, H1/model reference and visible specification table captured in the preceding product audit. This is traceability evidence, not independent manufacturer verification.",low,Do not treat as authoritative model documentation until the owner supplies approved manufacturer evidence.
SRC-CURRENT-cp-081-compressed-air-equipment-diesel-portable-piston-air-compressor-3,cp-081-compressed-air-equipment-diesel-portable-piston-air-compressor,compressed-air-equipment,COWIN MACHINE public product record,COWIN MACHINE public website,current-site audit evidence,https://cowinmachine.com/products/compressed-air-equipment/air-series-143-143,2026-08-14,"Current URL, H1/model reference and visible specification table captured in the preceding product audit. This is traceability evidence, not independent manufacturer verification.",low,Do not treat as authoritative model documentation until the owner supplies approved manufacturer evidence.
SRC-CURRENT-cp-082-generator-systems-bf-150kva-1,cp-082-generator-systems-bf-150kva,generator-systems,COWIN MACHINE public product record,COWIN MACHINE public website,current-site audit evidence,https://cowinmachine.com/products/generator-systems/gen-bf-150kva-144,2026-08-14,"Current URL, H1/model reference and visible specification table captured in the preceding product audit. This is traceability evidence, not independent manufacturer verification.",low,Do not treat as authoritative model documentation until the owner supplies approved manufacturer evidence.
SRC-CURRENT-cp-083-generator-systems-zd-30-1,cp-083-generator-systems-zd-30,generator-systems,COWIN MACHINE public product record,COWIN MACHINE public website,current-site audit evidence,https://cowinmachine.com/products/generator-systems/gen-zd-30-145,2026-08-14,"Current URL, H1/model reference and visible specification table captured in the preceding product audit. This is traceability evidence, not independent manufacturer verification.",low,Do not treat as authoritative model documentation until the owner supplies approved manufacturer evidence.
SRC-CURRENT-cp-084-generator-systems-zd-20-1,cp-084-generator-systems-zd-20,generator-systems,COWIN MACHINE public product record,COWIN MACHINE public website,current-site audit evidence,https://cowinmachine.com/products/generator-systems/gen-zd-20-146,2026-08-14,"Current URL, H1/model reference and visible specification table captured in the preceding product audit. This is traceability evidence, not independent manufacturer verification.",low,Do not treat as authoritative model documentation until the owner supplies approved manufacturer evidence.
SRC-CURRENT-cp-085-generator-systems-zd-1000-1,cp-085-generator-systems-zd-1000,generator-systems,COWIN MACHINE public product record,COWIN MACHINE public website,current-site audit evidence,https://cowinmachine.com/products/generator-systems/gen-zd-1000-147,2026-08-14,"Current URL, H1/model reference and visible specification table captured in the preceding product audit. This is traceability evidence, not independent manufacturer verification.",low,Do not treat as authoritative model documentation until the owner supplies approved manufacturer evidence.
SRC-CURRENT-cp-086-generator-systems-zd-80-1,cp-086-generator-systems-zd-80,generator-systems,COWIN MACHINE public product record,COWIN MACHINE public website,current-site audit evidence,https://cowinmachine.com/products/generator-systems/gen-zd-80-148,2026-08-14,"Current URL, H1/model reference and visible specification table captured in the preceding product audit. This is traceability evidence, not independent manufacturer verification.",low,Do not treat as authoritative model documentation until the owner supplies approved manufacturer evidence.
SRC-CURRENT-cp-087-generator-systems-diesel-generator-system-1,cp-087-generator-systems-diesel-generator-system,generator-systems,COWIN MACHINE public product record,COWIN MACHINE public website,current-site audit evidence,https://cowinmachine.com/products/generator-systems/gen-series-149-149,2026-08-14,"Current URL, H1/model reference and visible specification table captured in the preceding product audit. This is traceability evidence, not independent manufacturer verification.",low,Do not treat as authoritative model documentation until the owner supplies approved manufacturer evidence.
SRC-CURRENT-cp-088-drilling-equipment-fy300-1,cp-088-drilling-equipment-fy300,drilling-equipment,COWIN MACHINE public product record,COWIN MACHINE public website,current-site audit evidence,https://cowinmachine.com/products/drilling-equipment/rig-fy300-150,2026-08-14,"Current URL, H1/model reference and visible specification table captured in the preceding product audit. This is traceability evidence, not independent manufacturer verification.",low,Do not treat as authoritative model documentation until the owner supplies approved manufacturer evidence.
SRC-CURRENT-cp-089-drilling-equipment-fy680-1,cp-089-drilling-equipment-fy680,drilling-equipment,COWIN MACHINE public product record,COWIN MACHINE public website,current-site audit evidence,https://cowinmachine.com/products/drilling-equipment/rig-fy680-151,2026-08-14,"Current URL, H1/model reference and visible specification table captured in the preceding product audit. This is traceability evidence, not independent manufacturer verification.",low,Do not treat as authoritative model documentation until the owner supplies approved manufacturer evidence.
SRC-CURRENT-cp-090-drilling-equipment-ht500-1,cp-090-drilling-equipment-ht500,drilling-equipment,COWIN MACHINE public product record,COWIN MACHINE public website,current-site audit evidence,https://cowinmachine.com/products/drilling-equipment/rig-ht500-152,2026-08-14,"Current URL, H1/model reference and visible specification table captured in the preceding product audit. This is traceability evidence, not independent manufacturer verification.",low,Do not treat as authoritative model documentation until the owner supplies approved manufacturer evidence.
SRC-CURRENT-cp-091-drilling-equipment-kh103-1,cp-091-drilling-equipment-kh103,drilling-equipment,COWIN MACHINE public product record,COWIN MACHINE public website,current-site audit evidence,https://cowinmachine.com/products/drilling-equipment/rig-kh103-153,2026-08-14,"Current URL, H1/model reference and visible specification table captured in the preceding product audit. This is traceability evidence, not independent manufacturer verification.",low,Do not treat as authoritative model documentation until the owner supplies approved manufacturer evidence.
SRC-CURRENT-cp-092-drilling-equipment-kh612-1,cp-092-drilling-equipment-kh612,drilling-equipment,COWIN MACHINE public product record,COWIN MACHINE public website,current-site audit evidence,https://cowinmachine.com/products/drilling-equipment/rig-kh612-154,2026-08-14,"Current URL, H1/model reference and visible specification table captured in the preceding product audit. This is traceability evidence, not independent manufacturer verification.",low,Do not treat as authoritative model documentation until the owner supplies approved manufacturer evidence.
SRC-CURRENT-cp-093-drilling-equipment-kh712-1,cp-093-drilling-equipment-kh712,drilling-equipment,COWIN MACHINE public product record,COWIN MACHINE public website,current-site audit evidence,https://cowinmachine.com/products/drilling-equipment/rig-kh712-155,2026-08-14,"Current URL, H1/model reference and visible specification table captured in the preceding product audit. This is traceability evidence, not independent manufacturer verification.",low,Do not treat as authoritative model documentation until the owner supplies approved manufacturer evidence.
SRC-CURRENT-cp-094-drilling-equipment-zdd100-1,cp-094-drilling-equipment-zdd100,drilling-equipment,COWIN MACHINE public product record,COWIN MACHINE public website,current-site audit evidence,https://cowinmachine.com/products/drilling-equipment/rig-zdd100-156,2026-08-14,"Current URL, H1/model reference and visible specification table captured in the preceding product audit. This is traceability evidence, not independent manufacturer verification.",low,Do not treat as authoritative model documentation until the owner supplies approved manufacturer evidence.
SRC-CURRENT-cp-094-drilling-equipment-zdd100-2,cp-094-drilling-equipment-zdd100,drilling-equipment,COWIN MACHINE public product record,COWIN MACHINE public website,current-site audit evidence,https://cowinmachine.com/products/drilling-equipment/rig-zdd100-157,2026-08-14,"Current URL, H1/model reference and visible specification table captured in the preceding product audit. This is traceability evidence, not independent manufacturer verification.",low,Do not treat as authoritative model documentation until the owner supplies approved manufacturer evidence.
SRC-CURRENT-cp-095-drilling-consumables-yt24-1,cp-095-drilling-consumables-yt24,drilling-consumables,COWIN MACHINE public product record,COWIN MACHINE public website,current-site audit evidence,https://cowinmachine.com/products/drilling-consumables/tool-yt24-158,2026-08-14,"Current URL, H1/model reference and visible specification table captured in the preceding product audit. This is traceability evidence, not independent manufacturer verification.",low,Do not treat as authoritative model documentation until the owner supplies approved manufacturer evidence.
SRC-CURRENT-cp-096-drilling-consumables-y24-1,cp-096-drilling-consumables-y24,drilling-consumables,COWIN MACHINE public product record,COWIN MACHINE public website,current-site audit evidence,https://cowinmachine.com/products/drilling-consumables/tool-y24-159,2026-08-14,"Current URL, H1/model reference and visible specification table captured in the preceding product audit. This is traceability evidence, not independent manufacturer verification.",low,Do not treat as authoritative model documentation until the owner supplies approved manufacturer evidence.
SRC-CURRENT-cp-097-drilling-consumables-button-bit-drilling-tool-1,cp-097-drilling-consumables-button-bit-drilling-tool,drilling-consumables,COWIN MACHINE public product record,COWIN MACHINE public website,current-site audit evidence,https://cowinmachine.com/products/drilling-consumables/tool-series-160-160,2026-08-14,"Current URL, H1/model reference and visible specification table captured in the preceding product audit. This is traceability evidence, not independent manufacturer verification.",low,Do not treat as authoritative model documentation until the owner supplies approved manufacturer evidence.
SRC-CURRENT-cp-098-drilling-consumables-drill-bit-drilling-tool-1,cp-098-drilling-consumables-drill-bit-drilling-tool,drilling-consumables,COWIN MACHINE public product record,COWIN MACHINE public website,current-site audit evidence,https://cowinmachine.com/products/drilling-consumables/tool-series-161-161,2026-08-14,"Current URL, H1/model reference and visible specification table captured in the preceding product audit. This is traceability evidence, not independent manufacturer verification.",low,Do not treat as authoritative model documentation until the owner supplies approved manufacturer evidence.
SRC-CURRENT-cp-098-drilling-consumables-drill-bit-drilling-tool-2,cp-098-drilling-consumables-drill-bit-drilling-tool,drilling-consumables,COWIN MACHINE public product record,COWIN MACHINE public website,current-site audit evidence,https://cowinmachine.com/products/drilling-consumables/tool-series-162-162,2026-08-14,"Current URL, H1/model reference and visible specification table captured in the preceding product audit. This is traceability evidence, not independent manufacturer verification.",low,Do not treat as authoritative model documentation until the owner supplies approved manufacturer evidence.
SRC-CURRENT-cp-098-drilling-consumables-drill-bit-drilling-tool-3,cp-098-drilling-consumables-drill-bit-drilling-tool,drilling-consumables,COWIN MACHINE public product record,COWIN MACHINE public website,current-site audit evidence,https://cowinmachine.com/products/drilling-consumables/tool-series-198-198,2026-08-14,"Current URL, H1/model reference and visible specification table captured in the preceding product audit. This is traceability evidence, not independent manufacturer verification.",low,Do not treat as authoritative model documentation until the owner supplies approved manufacturer evidence.
SRC-CURRENT-cp-099-drilling-consumables-zd-89-1,cp-099-drilling-consumables-zd-89,drilling-consumables,COWIN MACHINE public product record,COWIN MACHINE public website,current-site audit evidence,https://cowinmachine.com/products/drilling-consumables/tool-zd-89-163,2026-08-14,"Current URL, H1/model reference and visible specification table captured in the preceding product audit. This is traceability evidence, not independent manufacturer verification.",low,Do not treat as authoritative model documentation until the owner supplies approved manufacturer evidence.
SRC-CURRENT-cp-100-drilling-consumables-drill-pipe-drilling-tool-1,cp-100-drilling-consumables-drill-pipe-drilling-tool,drilling-consumables,COWIN MACHINE public product record,COWIN MACHINE public website,current-site audit evidence,https://cowinmachine.com/products/drilling-consumables/tool-series-164-164,2026-08-14,"Current URL, H1/model reference and visible specification table captured in the preceding product audit. This is traceability evidence, not independent manufacturer verification.",low,Do not treat as authoritative model documentation until the owner supplies approved manufacturer evidence.
SRC-CURRENT-cp-101-drilling-consumables-dth-hammer-drilling-tool-1,cp-101-drilling-consumables-dth-hammer-drilling-tool,drilling-consumables,COWIN MACHINE public product record,COWIN MACHINE public website,current-site audit evidence,https://cowinmachine.com/products/drilling-consumables/tool-series-165-165,2026-08-14,"Current URL, H1/model reference and visible specification table captured in the preceding product audit. This is traceability evidence, not independent manufacturer verification.",low,Do not treat as authoritative model documentation until the owner supplies approved manufacturer evidence.
SRC-CURRENT-cp-102-drilling-consumables-ql60-1,cp-102-drilling-consumables-ql60,drilling-consumables,COWIN MACHINE public product record,COWIN MACHINE public website,current-site audit evidence,https://cowinmachine.com/products/drilling-consumables/tool-ql60-166,2026-08-14,"Current URL, H1/model reference and visible specification table captured in the preceding product audit. This is traceability evidence, not independent manufacturer verification.",low,Do not treat as authoritative model documentation until the owner supplies approved manufacturer evidence.
SRC-CURRENT-cp-103-mobile-lighting-systems-ult-900-1,cp-103-mobile-lighting-systems-ult-900,mobile-lighting-systems,COWIN MACHINE public product record,COWIN MACHINE public website,current-site audit evidence,https://cowinmachine.com/products/mobile-lighting-systems/tower-ult-900-167,2026-08-14,"Current URL, H1/model reference and visible specification table captured in the preceding product audit. This is traceability evidence, not independent manufacturer verification.",low,Do not treat as authoritative model documentation until the owner supplies approved manufacturer evidence.
SRC-CURRENT-cp-104-mobile-lighting-systems-ult-1200-1,cp-104-mobile-lighting-systems-ult-1200,mobile-lighting-systems,COWIN MACHINE public product record,COWIN MACHINE public website,current-site audit evidence,https://cowinmachine.com/products/mobile-lighting-systems/tower-ult-1200-168,2026-08-14,"Current URL, H1/model reference and visible specification table captured in the preceding product audit. This is traceability evidence, not independent manufacturer verification.",low,Do not treat as authoritative model documentation until the owner supplies approved manufacturer evidence.
SRC-CURRENT-cp-105-mobile-lighting-systems-ust1800-1,cp-105-mobile-lighting-systems-ust1800,mobile-lighting-systems,COWIN MACHINE public product record,COWIN MACHINE public website,current-site audit evidence,https://cowinmachine.com/products/mobile-lighting-systems/tower-ust1800-169,2026-08-14,"Current URL, H1/model reference and visible specification table captured in the preceding product audit. This is traceability evidence, not independent manufacturer verification.",low,Do not treat as authoritative model documentation until the owner supplies approved manufacturer evidence.
SRC-CURRENT-cp-106-generator-systems-ugt-1600-1,cp-106-generator-systems-ugt-1600,generator-systems,COWIN MACHINE public product record,COWIN MACHINE public website,current-site audit evidence,https://cowinmachine.com/products/generator-systems/gen-ugt-1600-170,2026-08-14,"Current URL, H1/model reference and visible specification table captured in the preceding product audit. This is traceability evidence, not independent manufacturer verification.",low,Do not treat as authoritative model documentation until the owner supplies approved manufacturer evidence.
SRC-CURRENT-cp-107-generator-systems-ugt-4000lm-1,cp-107-generator-systems-ugt-4000lm,generator-systems,COWIN MACHINE public product record,COWIN MACHINE public website,current-site audit evidence,https://cowinmachine.com/products/generator-systems/gen-ugt-4000lm-171,2026-08-14,"Current URL, H1/model reference and visible specification table captured in the preceding product audit. This is traceability evidence, not independent manufacturer verification.",low,Do not treat as authoritative model documentation until the owner supplies approved manufacturer evidence.
SRC-CURRENT-cp-108-generator-systems-ugt-4000-pm-1,cp-108-generator-systems-ugt-4000-pm,generator-systems,COWIN MACHINE public product record,COWIN MACHINE public website,current-site audit evidence,https://cowinmachine.com/products/generator-systems/gen-ugt-4000-pm-172,2026-08-14,"Current URL, H1/model reference and visible specification table captured in the preceding product audit. This is traceability evidence, not independent manufacturer verification.",low,Do not treat as authoritative model documentation until the owner supplies approved manufacturer evidence.
SRC-CURRENT-cp-109-mobile-lighting-systems-ust-900l-1,cp-109-mobile-lighting-systems-ust-900l,mobile-lighting-systems,COWIN MACHINE public product record,COWIN MACHINE public website,current-site audit evidence,https://cowinmachine.com/products/mobile-lighting-systems/tower-ust-900l-173,2026-08-14,"Current URL, H1/model reference and visible specification table captured in the preceding product audit. This is traceability evidence, not independent manufacturer verification.",low,Do not treat as authoritative model documentation until the owner supplies approved manufacturer evidence.
SRC-CURRENT-cp-110-mobile-lighting-systems-gts-1200-1,cp-110-mobile-lighting-systems-gts-1200,mobile-lighting-systems,COWIN MACHINE public product record,COWIN MACHINE public website,current-site audit evidence,https://cowinmachine.com/products/mobile-lighting-systems/tower-gts-1200-174,2026-08-14,"Current URL, H1/model reference and visible specification table captured in the preceding product audit. This is traceability evidence, not independent manufacturer verification.",low,Do not treat as authoritative model documentation until the owner supplies approved manufacturer evidence.
SRC-CURRENT-cp-111-compressed-air-equipment-lb10-1,cp-111-compressed-air-equipment-lb10,compressed-air-equipment,COWIN MACHINE public product record,COWIN MACHINE public website,current-site audit evidence,https://cowinmachine.com/products/compressed-air-equipment/air-lb10-175,2026-08-14,"Current URL, H1/model reference and visible specification table captured in the preceding product audit. This is traceability evidence, not independent manufacturer verification.",low,Do not treat as authoritative model documentation until the owner supplies approved manufacturer evidence.
SRC-CURRENT-cp-112-compressed-air-equipment-lb20-1,cp-112-compressed-air-equipment-lb20,compressed-air-equipment,COWIN MACHINE public product record,COWIN MACHINE public website,current-site audit evidence,https://cowinmachine.com/products/compressed-air-equipment/air-lb20-176,2026-08-14,"Current URL, H1/model reference and visible specification table captured in the preceding product audit. This is traceability evidence, not independent manufacturer verification.",low,Do not treat as authoritative model documentation until the owner supplies approved manufacturer evidence.
SRC-CURRENT-cp-113-compressed-air-equipment-lb50-1,cp-113-compressed-air-equipment-lb50,compressed-air-equipment,COWIN MACHINE public product record,COWIN MACHINE public website,current-site audit evidence,https://cowinmachine.com/products/compressed-air-equipment/air-lb50-177,2026-08-14,"Current URL, H1/model reference and visible specification table captured in the preceding product audit. This is traceability evidence, not independent manufacturer verification.",low,Do not treat as authoritative model documentation until the owner supplies approved manufacturer evidence.
SRC-CURRENT-cp-114-compressed-air-equipment-lb30-1,cp-114-compressed-air-equipment-lb30,compressed-air-equipment,COWIN MACHINE public product record,COWIN MACHINE public website,current-site audit evidence,https://cowinmachine.com/products/compressed-air-equipment/air-lb30-178,2026-08-14,"Current URL, H1/model reference and visible specification table captured in the preceding product audit. This is traceability evidence, not independent manufacturer verification.",low,Do not treat as authoritative model documentation until the owner supplies approved manufacturer evidence.
SRC-CURRENT-cp-115-compressed-air-equipment-rm160-34-1,cp-115-compressed-air-equipment-rm160-34,compressed-air-equipment,COWIN MACHINE public product record,COWIN MACHINE public website,current-site audit evidence,https://cowinmachine.com/products/compressed-air-equipment/air-rm160-34-8-179,2026-08-14,"Current URL, H1/model reference and visible specification table captured in the preceding product audit. This is traceability evidence, not independent manufacturer verification.",low,Do not treat as authoritative model documentation until the owner supplies approved manufacturer evidence.
SRC-CURRENT-cp-116-compressed-air-equipment-zd-5-1,cp-116-compressed-air-equipment-zd-5,compressed-air-equipment,COWIN MACHINE public product record,COWIN MACHINE public website,current-site audit evidence,https://cowinmachine.com/products/compressed-air-equipment/air-zd-5-8-180,2026-08-14,"Current URL, H1/model reference and visible specification table captured in the preceding product audit. This is traceability evidence, not independent manufacturer verification.",low,Do not treat as authoritative model documentation until the owner supplies approved manufacturer evidence.
SRC-CURRENT-cp-117-compressed-air-equipment-zd-10-1,cp-117-compressed-air-equipment-zd-10,compressed-air-equipment,COWIN MACHINE public product record,COWIN MACHINE public website,current-site audit evidence,https://cowinmachine.com/products/compressed-air-equipment/air-zd-10-10-181,2026-08-14,"Current URL, H1/model reference and visible specification table captured in the preceding product audit. This is traceability evidence, not independent manufacturer verification.",low,Do not treat as authoritative model documentation until the owner supplies approved manufacturer evidence.
SRC-CURRENT-cp-118-compressed-air-equipment-ztv90-8-1,cp-118-compressed-air-equipment-ztv90-8,compressed-air-equipment,COWIN MACHINE public product record,COWIN MACHINE public website,current-site audit evidence,https://cowinmachine.com/products/compressed-air-equipment/air-ztv90-8-182,2026-08-14,"Current URL, H1/model reference and visible specification table captured in the preceding product audit. This is traceability evidence, not independent manufacturer verification.",low,Do not treat as authoritative model documentation until the owner supplies approved manufacturer evidence.
SRC-CURRENT-cp-119-compressed-air-equipment-kszj18-17-1,cp-119-compressed-air-equipment-kszj18-17,compressed-air-equipment,COWIN MACHINE public product record,COWIN MACHINE public website,current-site audit evidence,https://cowinmachine.com/products/compressed-air-equipment/air-kszj18-17-183,2026-08-14,"Current URL, H1/model reference and visible specification table captured in the preceding product audit. This is traceability evidence, not independent manufacturer verification.",low,Do not treat as authoritative model documentation until the owner supplies approved manufacturer evidence.
SRC-CURRENT-cp-120-drilling-consumables-yt27-1,cp-120-drilling-consumables-yt27,drilling-consumables,COWIN MACHINE public product record,COWIN MACHINE public website,current-site audit evidence,https://cowinmachine.com/products/drilling-consumables/tool-yt27-184,2026-08-14,"Current URL, H1/model reference and visible specification table captured in the preceding product audit. This is traceability evidence, not independent manufacturer verification.",low,Do not treat as authoritative model documentation until the owner supplies approved manufacturer evidence.
SRC-CURRENT-cp-121-drilling-consumables-yt29a-1,cp-121-drilling-consumables-yt29a,drilling-consumables,COWIN MACHINE public product record,COWIN MACHINE public website,current-site audit evidence,https://cowinmachine.com/products/drilling-consumables/tool-yt29a-185,2026-08-14,"Current URL, H1/model reference and visible specification table captured in the preceding product audit. This is traceability evidence, not independent manufacturer verification.",low,Do not treat as authoritative model documentation until the owner supplies approved manufacturer evidence.
SRC-CURRENT-cp-122-drilling-equipment-fy260-1,cp-122-drilling-equipment-fy260,drilling-equipment,COWIN MACHINE public product record,COWIN MACHINE public website,current-site audit evidence,https://cowinmachine.com/products/drilling-equipment/rig-fy260-186,2026-08-14,"Current URL, H1/model reference and visible specification table captured in the preceding product audit. This is traceability evidence, not independent manufacturer verification.",low,Do not treat as authoritative model documentation until the owner supplies approved manufacturer evidence.
SRC-CURRENT-cp-123-drilling-consumables-yo20-1,cp-123-drilling-consumables-yo20,drilling-consumables,COWIN MACHINE public product record,COWIN MACHINE public website,current-site audit evidence,https://cowinmachine.com/products/drilling-consumables/tool-yo20-187,2026-08-14,"Current URL, H1/model reference and visible specification table captured in the preceding product audit. This is traceability evidence, not independent manufacturer verification.",low,Do not treat as authoritative model documentation until the owner supplies approved manufacturer evidence.
SRC-CURRENT-cp-124-drilling-equipment-cs110-1,cp-124-drilling-equipment-cs110,drilling-equipment,COWIN MACHINE public product record,COWIN MACHINE public website,current-site audit evidence,https://cowinmachine.com/products/drilling-equipment/rig-cs110-189,2026-08-14,"Current URL, H1/model reference and visible specification table captured in the preceding product audit. This is traceability evidence, not independent manufacturer verification.",low,Do not treat as authoritative model documentation until the owner supplies approved manufacturer evidence.
SRC-CURRENT-cp-125-compressed-air-equipment-kylc-580-1,cp-125-compressed-air-equipment-kylc-580,compressed-air-equipment,COWIN MACHINE public product record,COWIN MACHINE public website,current-site audit evidence,https://cowinmachine.com/products/compressed-air-equipment/air-kylc-580-17cy-190,2026-08-14,"Current URL, H1/model reference and visible specification table captured in the preceding product audit. This is traceability evidence, not independent manufacturer verification.",low,Do not treat as authoritative model documentation until the owner supplies approved manufacturer evidence.
SRC-CURRENT-cp-126-compressed-air-equipment-zd10-1,cp-126-compressed-air-equipment-zd10,compressed-air-equipment,COWIN MACHINE public product record,COWIN MACHINE public website,current-site audit evidence,https://cowinmachine.com/products/compressed-air-equipment/air-zd10-191,2026-08-14,"Current URL, H1/model reference and visible specification table captured in the preceding product audit. This is traceability evidence, not independent manufacturer verification.",low,Do not treat as authoritative model documentation until the owner supplies approved manufacturer evidence.
SRC-CURRENT-cp-127-compressed-air-equipment-zd-31-1,cp-127-compressed-air-equipment-zd-31,compressed-air-equipment,COWIN MACHINE public product record,COWIN MACHINE public website,current-site audit evidence,https://cowinmachine.com/products/compressed-air-equipment/air-zd-31-25-192,2026-08-14,"Current URL, H1/model reference and visible specification table captured in the preceding product audit. This is traceability evidence, not independent manufacturer verification.",low,Do not treat as authoritative model documentation until the owner supplies approved manufacturer evidence.
SRC-CURRENT-cp-128-drilling-consumables-yt28-1,cp-128-drilling-consumables-yt28,drilling-consumables,COWIN MACHINE public product record,COWIN MACHINE public website,current-site audit evidence,https://cowinmachine.com/products/drilling-consumables/tool-yt28-193,2026-08-14,"Current URL, H1/model reference and visible specification table captured in the preceding product audit. This is traceability evidence, not independent manufacturer verification.",low,Do not treat as authoritative model documentation until the owner supplies approved manufacturer evidence.
SRC-CURRENT-cp-129-drilling-consumables-yo18-1,cp-129-drilling-consumables-yo18,drilling-consumables,COWIN MACHINE public product record,COWIN MACHINE public website,current-site audit evidence,https://cowinmachine.com/products/drilling-consumables/tool-yo18-194,2026-08-14,"Current URL, H1/model reference and visible specification table captured in the preceding product audit. This is traceability evidence, not independent manufacturer verification.",low,Do not treat as authoritative model documentation until the owner supplies approved manufacturer evidence.
SRC-CURRENT-cp-130-drilling-consumables-drilling-tool-1,cp-130-drilling-consumables-drilling-tool,drilling-consumables,COWIN MACHINE public product record,COWIN MACHINE public website,current-site audit evidence,https://cowinmachine.com/products/drilling-consumables/tool-series-195-195,2026-08-14,"Current URL, H1/model reference and visible specification table captured in the preceding product audit. This is traceability evidence, not independent manufacturer verification.",low,Do not treat as authoritative model documentation until the owner supplies approved manufacturer evidence.
SRC-CURRENT-cp-131-generator-systems-zd-100kw-open-frame-diesel-generator-system-1,cp-131-generator-systems-zd-100kw-open-frame-diesel-generator-system,generator-systems,COWIN MACHINE public product record,COWIN MACHINE public website,current-site audit evidence,https://cowinmachine.com/products/generator-systems/gen-zd-100kw-196,2026-08-14,"Current URL, H1/model reference and visible specification table captured in the preceding product audit. This is traceability evidence, not independent manufacturer verification.",low,Do not treat as authoritative model documentation until the owner supplies approved manufacturer evidence.
SRC-CURRENT-cp-132-drilling-equipment-fy450-1,cp-132-drilling-equipment-fy450,drilling-equipment,COWIN MACHINE public product record,COWIN MACHINE public website,current-site audit evidence,https://cowinmachine.com/products/drilling-equipment/rig-fy450-197,2026-08-14,"Current URL, H1/model reference and visible specification table captured in the preceding product audit. This is traceability evidence, not independent manufacturer verification.",low,Do not treat as authoritative model documentation until the owner supplies approved manufacturer evidence.
SRC-CURRENT-cp-133-compressed-air-equipment-lg10-1,cp-133-compressed-air-equipment-lg10,compressed-air-equipment,COWIN MACHINE public product record,COWIN MACHINE public website,current-site audit evidence,https://cowinmachine.com/products/compressed-air-equipment/air-lg10-199,2026-08-14,"Current URL, H1/model reference and visible specification table captured in the preceding product audit. This is traceability evidence, not independent manufacturer verification.",low,Do not treat as authoritative model documentation until the owner supplies approved manufacturer evidence.
SRC-CURRENT-cp-134-compressed-air-equipment-zd300-8-1,cp-134-compressed-air-equipment-zd300-8,compressed-air-equipment,COWIN MACHINE public product record,COWIN MACHINE public website,current-site audit evidence,https://cowinmachine.com/products/compressed-air-equipment/air-zd300-8-200,2026-08-14,"Current URL, H1/model reference and visible specification table captured in the preceding product audit. This is traceability evidence, not independent manufacturer verification.",low,Do not treat as authoritative model documentation until the owner supplies approved manufacturer evidence.
SRC-CURRENT-cp-135-drilling-equipment-fyl200-1,cp-135-drilling-equipment-fyl200,drilling-equipment,COWIN MACHINE public product record,COWIN MACHINE public website,current-site audit evidence,https://cowinmachine.com/products/drilling-equipment/rig-fyl200-202,2026-08-14,"Current URL, H1/model reference and visible specification table captured in the preceding product audit. This is traceability evidence, not independent manufacturer verification.",low,Do not treat as authoritative model documentation until the owner supplies approved manufacturer evidence.
