"issueId","severity","status","category","rawRecordId","url","currentH1","modelReference","recommendation"
"raw-001-missing-specification","medium","missing-specification","magnetic-separators","raw-001","https://cowinmachine.com/products/magnetic-separators/mag-rcyd-001","RCYD Automatic-Discharge Permanent Magnetic Separator","RCYD","Obtain approved model-specific specification data before a technical rewrite."
"raw-002-missing-specification","medium","missing-specification","magnetic-separators","raw-002","https://cowinmachine.com/products/magnetic-separators/mag-rcdd-002","RCDD Electromagnetic Magnetic Separator","RCDD","Obtain approved model-specific specification data before a technical rewrite."
"raw-003-missing-specification","medium","missing-specification","magnetic-separators","raw-003","https://cowinmachine.com/products/magnetic-separators/mag-rcyb-003","RCYB Permanent Magnetic Separator","RCYB","Obtain approved model-specific specification data before a technical rewrite."
"raw-004-missing-specification","medium","missing-specification","magnetic-separators","raw-004","https://cowinmachine.com/products/magnetic-separators/mag-rcdb-004","RCDB Electromagnetic Magnetic Separator","RCDB","Obtain approved model-specific specification data before a technical rewrite."
"raw-005-family-or-series","low","family-or-series","magnetic-separators","raw-005","https://cowinmachine.com/products/magnetic-separators/mag-series-005-005","Magnetic Separator","Series-005","Confirm page evidence and product identity with the owner."
"raw-005-generic-title-needs-identification","low","generic-title-needs-identification","magnetic-separators","raw-005","https://cowinmachine.com/products/magnetic-separators/mag-series-005-005","Magnetic Separator","Series-005","Request a manufacturer model or approved family designation."
"raw-005-missing-specification","medium","missing-specification","magnetic-separators","raw-005","https://cowinmachine.com/products/magnetic-separators/mag-series-005-005","Magnetic Separator","Series-005","Obtain approved model-specific specification data before a technical rewrite."
"raw-005-duplicate-or-near-duplicate","high","duplicate-or-near-duplicate","magnetic-separators","raw-005","https://cowinmachine.com/products/magnetic-separators/mag-series-005-005","Magnetic Separator","Series-005","Confirm whether this URL is a distinct SKU or consolidate it under a canonical family."
"raw-006-family-or-series","low","family-or-series","magnetic-separators","raw-006","https://cowinmachine.com/products/magnetic-separators/mag-series-006-006","Magnetic Separator","Series-006","Confirm page evidence and product identity with the owner."
"raw-006-generic-title-needs-identification","low","generic-title-needs-identification","magnetic-separators","raw-006","https://cowinmachine.com/products/magnetic-separators/mag-series-006-006","Magnetic Separator","Series-006","Request a manufacturer model or approved family designation."
"raw-006-missing-specification","medium","missing-specification","magnetic-separators","raw-006","https://cowinmachine.com/products/magnetic-separators/mag-series-006-006","Magnetic Separator","Series-006","Obtain approved model-specific specification data before a technical rewrite."
"raw-006-duplicate-or-near-duplicate","high","duplicate-or-near-duplicate","magnetic-separators","raw-006","https://cowinmachine.com/products/magnetic-separators/mag-series-006-006","Magnetic Separator","Series-006","Confirm whether this URL is a distinct SKU or consolidate it under a canonical family."
"raw-007-family-or-series","low","family-or-series","magnetic-separators","raw-007","https://cowinmachine.com/products/magnetic-separators/mag-series-007-007","Dry Drum Magnetic Separator","Series-007","Confirm page evidence and product identity with the owner."
"raw-007-generic-title-needs-identification","low","generic-title-needs-identification","magnetic-separators","raw-007","https://cowinmachine.com/products/magnetic-separators/mag-series-007-007","Dry Drum Magnetic Separator","Series-007","Request a manufacturer model or approved family designation."
"raw-007-missing-specification","medium","missing-specification","magnetic-separators","raw-007","https://cowinmachine.com/products/magnetic-separators/mag-series-007-007","Dry Drum Magnetic Separator","Series-007","Obtain approved model-specific specification data before a technical rewrite."
"raw-008-family-or-series","low","family-or-series","magnetic-separators","raw-008","https://cowinmachine.com/products/magnetic-separators/mag-series-008-008","Wet Drum Magnetic Separator","Series-008","Confirm page evidence and product identity with the owner."
"raw-008-generic-title-needs-identification","low","generic-title-needs-identification","magnetic-separators","raw-008","https://cowinmachine.com/products/magnetic-separators/mag-series-008-008","Wet Drum Magnetic Separator","Series-008","Request a manufacturer model or approved family designation."
"raw-008-missing-specification","medium","missing-specification","magnetic-separators","raw-008","https://cowinmachine.com/products/magnetic-separators/mag-series-008-008","Wet Drum Magnetic Separator","Series-008","Obtain approved model-specific specification data before a technical rewrite."
"raw-009-family-or-series","low","family-or-series","magnetic-separators","raw-009","https://cowinmachine.com/products/magnetic-separators/mag-series-009-009","Magnetic Separator","Series-009","Confirm page evidence and product identity with the owner."
"raw-009-generic-title-needs-identification","low","generic-title-needs-identification","magnetic-separators","raw-009","https://cowinmachine.com/products/magnetic-separators/mag-series-009-009","Magnetic Separator","Series-009","Request a manufacturer model or approved family designation."
"raw-009-missing-specification","medium","missing-specification","magnetic-separators","raw-009","https://cowinmachine.com/products/magnetic-separators/mag-series-009-009","Magnetic Separator","Series-009","Obtain approved model-specific specification data before a technical rewrite."
"raw-009-duplicate-or-near-duplicate","high","duplicate-or-near-duplicate","magnetic-separators","raw-009","https://cowinmachine.com/products/magnetic-separators/mag-series-009-009","Magnetic Separator","Series-009","Confirm whether this URL is a distinct SKU or consolidate it under a canonical family."
"raw-010-family-or-series","low","family-or-series","magnetic-separators","raw-010","https://cowinmachine.com/products/magnetic-separators/mag-series-010-010","Magnetic Separator","Series-010","Confirm page evidence and product identity with the owner."
"raw-010-generic-title-needs-identification","low","generic-title-needs-identification","magnetic-separators","raw-010","https://cowinmachine.com/products/magnetic-separators/mag-series-010-010","Magnetic Separator","Series-010","Request a manufacturer model or approved family designation."
"raw-010-missing-specification","medium","missing-specification","magnetic-separators","raw-010","https://cowinmachine.com/products/magnetic-separators/mag-series-010-010","Magnetic Separator","Series-010","Obtain approved model-specific specification data before a technical rewrite."
"raw-010-duplicate-or-near-duplicate","high","duplicate-or-near-duplicate","magnetic-separators","raw-010","https://cowinmachine.com/products/magnetic-separators/mag-series-010-010","Magnetic Separator","Series-010","Confirm whether this URL is a distinct SKU or consolidate it under a canonical family."
"raw-011-family-or-series","low","family-or-series","magnetic-separators","raw-011","https://cowinmachine.com/products/magnetic-separators/mag-series-011-011","Magnetic Separator","Series-011","Confirm page evidence and product identity with the owner."
"raw-011-generic-title-needs-identification","low","generic-title-needs-identification","magnetic-separators","raw-011","https://cowinmachine.com/products/magnetic-separators/mag-series-011-011","Magnetic Separator","Series-011","Request a manufacturer model or approved family designation."
"raw-011-missing-specification","medium","missing-specification","magnetic-separators","raw-011","https://cowinmachine.com/products/magnetic-separators/mag-series-011-011","Magnetic Separator","Series-011","Obtain approved model-specific specification data before a technical rewrite."
"raw-011-duplicate-or-near-duplicate","high","duplicate-or-near-duplicate","magnetic-separators","raw-011","https://cowinmachine.com/products/magnetic-separators/mag-series-011-011","Magnetic Separator","Series-011","Confirm whether this URL is a distinct SKU or consolidate it under a canonical family."
"raw-012-family-or-series","low","family-or-series","magnetic-separators","raw-012","https://cowinmachine.com/products/magnetic-separators/mag-series-012-012","Wet Magnetic Separator","Series-012","Confirm page evidence and product identity with the owner."
"raw-012-generic-title-needs-identification","low","generic-title-needs-identification","magnetic-separators","raw-012","https://cowinmachine.com/products/magnetic-separators/mag-series-012-012","Wet Magnetic Separator","Series-012","Request a manufacturer model or approved family designation."
"raw-012-missing-specification","medium","missing-specification","magnetic-separators","raw-012","https://cowinmachine.com/products/magnetic-separators/mag-series-012-012","Wet Magnetic Separator","Series-012","Obtain approved model-specific specification data before a technical rewrite."
"raw-012-duplicate-or-near-duplicate","high","duplicate-or-near-duplicate","magnetic-separators","raw-012","https://cowinmachine.com/products/magnetic-separators/mag-series-012-012","Wet Magnetic Separator","Series-012","Confirm whether this URL is a distinct SKU or consolidate it under a canonical family."
"raw-013-family-or-series","low","family-or-series","magnetic-separators","raw-013","https://cowinmachine.com/products/magnetic-separators/mag-series-013-013","Wet Magnetic Separator","Series-013","Confirm page evidence and product identity with the owner."
"raw-013-generic-title-needs-identification","low","generic-title-needs-identification","magnetic-separators","raw-013","https://cowinmachine.com/products/magnetic-separators/mag-series-013-013","Wet Magnetic Separator","Series-013","Request a manufacturer model or approved family designation."
"raw-013-missing-specification","medium","missing-specification","magnetic-separators","raw-013","https://cowinmachine.com/products/magnetic-separators/mag-series-013-013","Wet Magnetic Separator","Series-013","Obtain approved model-specific specification data before a technical rewrite."
"raw-013-duplicate-or-near-duplicate","high","duplicate-or-near-duplicate","magnetic-separators","raw-013","https://cowinmachine.com/products/magnetic-separators/mag-series-013-013","Wet Magnetic Separator","Series-013","Confirm whether this URL is a distinct SKU or consolidate it under a canonical family."
"raw-014-family-or-series","low","family-or-series","magnetic-separators","raw-014","https://cowinmachine.com/products/magnetic-separators/mag-series-014-014","Drum Magnetic Separator","Series-014","Confirm page evidence and product identity with the owner."
"raw-014-generic-title-needs-identification","low","generic-title-needs-identification","magnetic-separators","raw-014","https://cowinmachine.com/products/magnetic-separators/mag-series-014-014","Drum Magnetic Separator","Series-014","Request a manufacturer model or approved family designation."
"raw-014-missing-specification","medium","missing-specification","magnetic-separators","raw-014","https://cowinmachine.com/products/magnetic-separators/mag-series-014-014","Drum Magnetic Separator","Series-014","Obtain approved model-specific specification data before a technical rewrite."
"raw-014-duplicate-or-near-duplicate","high","duplicate-or-near-duplicate","magnetic-separators","raw-014","https://cowinmachine.com/products/magnetic-separators/mag-series-014-014","Drum Magnetic Separator","Series-014","Confirm whether this URL is a distinct SKU or consolidate it under a canonical family."
"raw-015-family-or-series","low","family-or-series","magnetic-separators","raw-015","https://cowinmachine.com/products/magnetic-separators/mag-series-015-015","Dry Magnetic Separator","Series-015","Confirm page evidence and product identity with the owner."
"raw-015-generic-title-needs-identification","low","generic-title-needs-identification","magnetic-separators","raw-015","https://cowinmachine.com/products/magnetic-separators/mag-series-015-015","Dry Magnetic Separator","Series-015","Request a manufacturer model or approved family designation."
"raw-015-missing-specification","medium","missing-specification","magnetic-separators","raw-015","https://cowinmachine.com/products/magnetic-separators/mag-series-015-015","Dry Magnetic Separator","Series-015","Obtain approved model-specific specification data before a technical rewrite."
"raw-015-duplicate-or-near-duplicate","high","duplicate-or-near-duplicate","magnetic-separators","raw-015","https://cowinmachine.com/products/magnetic-separators/mag-series-015-015","Dry Magnetic Separator","Series-015","Confirm whether this URL is a distinct SKU or consolidate it under a canonical family."
"raw-016-family-or-series","low","family-or-series","magnetic-separators","raw-016","https://cowinmachine.com/products/magnetic-separators/mag-series-016-016","Magnetic Separator","Series-016","Confirm page evidence and product identity with the owner."
"raw-016-generic-title-needs-identification","low","generic-title-needs-identification","magnetic-separators","raw-016","https://cowinmachine.com/products/magnetic-separators/mag-series-016-016","Magnetic Separator","Series-016","Request a manufacturer model or approved family designation."
"raw-016-missing-specification","medium","missing-specification","magnetic-separators","raw-016","https://cowinmachine.com/products/magnetic-separators/mag-series-016-016","Magnetic Separator","Series-016","Obtain approved model-specific specification data before a technical rewrite."
"raw-016-duplicate-or-near-duplicate","high","duplicate-or-near-duplicate","magnetic-separators","raw-016","https://cowinmachine.com/products/magnetic-separators/mag-series-016-016","Magnetic Separator","Series-016","Confirm whether this URL is a distinct SKU or consolidate it under a canonical family."
"raw-017-family-or-series","low","family-or-series","magnetic-separators","raw-017","https://cowinmachine.com/products/magnetic-separators/mag-series-017-017","Drum Magnetic Separator","Series-017","Confirm page evidence and product identity with the owner."
"raw-017-generic-title-needs-identification","low","generic-title-needs-identification","magnetic-separators","raw-017","https://cowinmachine.com/products/magnetic-separators/mag-series-017-017","Drum Magnetic Separator","Series-017","Request a manufacturer model or approved family designation."
"raw-017-missing-specification","medium","missing-specification","magnetic-separators","raw-017","https://cowinmachine.com/products/magnetic-separators/mag-series-017-017","Drum Magnetic Separator","Series-017","Obtain approved model-specific specification data before a technical rewrite."
"raw-017-duplicate-or-near-duplicate","high","duplicate-or-near-duplicate","magnetic-separators","raw-017","https://cowinmachine.com/products/magnetic-separators/mag-series-017-017","Drum Magnetic Separator","Series-017","Confirm whether this URL is a distinct SKU or consolidate it under a canonical family."
"raw-018-family-or-series","low","family-or-series","magnetic-separators","raw-018","https://cowinmachine.com/products/magnetic-separators/mag-series-018-018","Drum Magnetic Separator","Series-018","Confirm page evidence and product identity with the owner."
"raw-018-generic-title-needs-identification","low","generic-title-needs-identification","magnetic-separators","raw-018","https://cowinmachine.com/products/magnetic-separators/mag-series-018-018","Drum Magnetic Separator","Series-018","Request a manufacturer model or approved family designation."
"raw-018-missing-specification","medium","missing-specification","magnetic-separators","raw-018","https://cowinmachine.com/products/magnetic-separators/mag-series-018-018","Drum Magnetic Separator","Series-018","Obtain approved model-specific specification data before a technical rewrite."
"raw-018-duplicate-or-near-duplicate","high","duplicate-or-near-duplicate","magnetic-separators","raw-018","https://cowinmachine.com/products/magnetic-separators/mag-series-018-018","Drum Magnetic Separator","Series-018","Confirm whether this URL is a distinct SKU or consolidate it under a canonical family."
"raw-019-missing-specification","medium","missing-specification","magnetic-separators","raw-019","https://cowinmachine.com/products/magnetic-separators/mag-rcda-019","RCDA Electromagnetic Magnetic Separator","RCDA","Obtain approved model-specific specification data before a technical rewrite."
"raw-020-missing-specification","medium","missing-specification","magnetic-separators","raw-020","https://cowinmachine.com/products/magnetic-separators/mag-rcdc-020","RCDC Automatic-Discharge Electromagnetic Magnetic Separator","RCDC","Obtain approved model-specific specification data before a technical rewrite."
"raw-021-missing-specification","medium","missing-specification","magnetic-separators","raw-021","https://cowinmachine.com/products/magnetic-separators/mag-rcde-021","RCDE Electromagnetic Magnetic Separator","RCDE","Obtain approved model-specific specification data before a technical rewrite."
"raw-022-missing-specification","medium","missing-specification","magnetic-separators","raw-022","https://cowinmachine.com/products/magnetic-separators/mag-rcdf-022","RCDF Automatic-Discharge Electromagnetic Magnetic Separator","RCDF","Obtain approved model-specific specification data before a technical rewrite."
"raw-023-missing-specification","medium","missing-specification","magnetic-separators","raw-023","https://cowinmachine.com/products/magnetic-separators/mag-rcdfj-023","RCDFJ Automatic-Discharge Electromagnetic Magnetic Separator","RCDFJ","Obtain approved model-specific specification data before a technical rewrite."
"raw-024-missing-specification","medium","missing-specification","magnetic-separators","raw-024","https://cowinmachine.com/products/magnetic-separators/mag-rcps-024","RCPS Automatic-Discharge Permanent Magnetic Separator","RCPS","Obtain approved model-specific specification data before a technical rewrite."
"raw-025-family-or-series","low","family-or-series","magnetic-separators","raw-025","https://cowinmachine.com/products/magnetic-separators/mag-series-025-025","Drum Magnetic Separator","Series-025","Confirm page evidence and product identity with the owner."
"raw-025-generic-title-needs-identification","low","generic-title-needs-identification","magnetic-separators","raw-025","https://cowinmachine.com/products/magnetic-separators/mag-series-025-025","Drum Magnetic Separator","Series-025","Request a manufacturer model or approved family designation."
"raw-025-missing-specification","medium","missing-specification","magnetic-separators","raw-025","https://cowinmachine.com/products/magnetic-separators/mag-series-025-025","Drum Magnetic Separator","Series-025","Obtain approved model-specific specification data before a technical rewrite."
"raw-025-duplicate-or-near-duplicate","high","duplicate-or-near-duplicate","magnetic-separators","raw-025","https://cowinmachine.com/products/magnetic-separators/mag-series-025-025","Drum Magnetic Separator","Series-025","Confirm whether this URL is a distinct SKU or consolidate it under a canonical family."
"raw-026-missing-specification","medium","missing-specification","magnetic-separators","raw-026","https://cowinmachine.com/products/magnetic-separators/mag-rcya-026","RCYA Permanent Magnetic Separator","RCYA","Obtain approved model-specific specification data before a technical rewrite."
"raw-027-missing-specification","medium","missing-specification","magnetic-separators","raw-027","https://cowinmachine.com/products/magnetic-separators/mag-rcydii-027","RCYDII Automatic-Discharge Permanent Magnetic Separator","RCYDII","Obtain approved model-specific specification data before a technical rewrite."
"raw-028-missing-specification","medium","missing-specification","magnetic-separators","raw-028","https://cowinmachine.com/products/magnetic-separators/mag-rcye-028","RCYE Automatic-Discharge Permanent Magnetic Separator","RCYE","Obtain approved model-specific specification data before a technical rewrite."
"raw-029-missing-specification","medium","missing-specification","magnetic-separators","raw-029","https://cowinmachine.com/products/magnetic-separators/mag-rcyf-029","RCYF Permanent Magnetic Separator","RCYF","Obtain approved model-specific specification data before a technical rewrite."
"raw-030-missing-specification","medium","missing-specification","magnetic-separators","raw-030","https://cowinmachine.com/products/magnetic-separators/mag-rcyg-030","RCYG Automatic-Discharge Permanent Magnetic Separator","RCYG","Obtain approved model-specific specification data before a technical rewrite."
"raw-031-missing-specification","medium","missing-specification","magnetic-separators","raw-031","https://cowinmachine.com/products/magnetic-separators/mag-rcyp-031","RCYP Automatic-Discharge Manual-Clean Permanent Magnetic Separator","RCYP","Obtain approved model-specific specification data before a technical rewrite."
"raw-032-missing-specification","medium","missing-specification","magnetic-separators","raw-032","https://cowinmachine.com/products/magnetic-separators/mag-rcyz-032","RCYZ Permanent Magnetic Separator","RCYZ","Obtain approved model-specific specification data before a technical rewrite."
"raw-032-duplicate-or-near-duplicate","high","duplicate-or-near-duplicate","magnetic-separators","raw-032","https://cowinmachine.com/products/magnetic-separators/mag-rcyz-032","RCYZ Permanent Magnetic Separator","RCYZ","Confirm whether this URL is a distinct SKU or consolidate it under a canonical family."
"raw-033-family-or-series","low","family-or-series","magnetic-separators","raw-033","https://cowinmachine.com/products/magnetic-separators/mag-series-033-033","Magnetic Separator","Series-033","Confirm page evidence and product identity with the owner."
"raw-033-generic-title-needs-identification","low","generic-title-needs-identification","magnetic-separators","raw-033","https://cowinmachine.com/products/magnetic-separators/mag-series-033-033","Magnetic Separator","Series-033","Request a manufacturer model or approved family designation."
"raw-033-missing-specification","medium","missing-specification","magnetic-separators","raw-033","https://cowinmachine.com/products/magnetic-separators/mag-series-033-033","Magnetic Separator","Series-033","Obtain approved model-specific specification data before a technical rewrite."
"raw-033-duplicate-or-near-duplicate","high","duplicate-or-near-duplicate","magnetic-separators","raw-033","https://cowinmachine.com/products/magnetic-separators/mag-series-033-033","Magnetic Separator","Series-033","Confirm whether this URL is a distinct SKU or consolidate it under a canonical family."
"raw-034-family-or-series","low","family-or-series","magnetic-separators","raw-034","https://cowinmachine.com/products/magnetic-separators/mag-series-034-034","Wet Magnetic Separator","Series-034","Confirm page evidence and product identity with the owner."
"raw-034-generic-title-needs-identification","low","generic-title-needs-identification","magnetic-separators","raw-034","https://cowinmachine.com/products/magnetic-separators/mag-series-034-034","Wet Magnetic Separator","Series-034","Request a manufacturer model or approved family designation."
"raw-034-missing-specification","medium","missing-specification","magnetic-separators","raw-034","https://cowinmachine.com/products/magnetic-separators/mag-series-034-034","Wet Magnetic Separator","Series-034","Obtain approved model-specific specification data before a technical rewrite."
"raw-034-duplicate-or-near-duplicate","high","duplicate-or-near-duplicate","magnetic-separators","raw-034","https://cowinmachine.com/products/magnetic-separators/mag-series-034-034","Wet Magnetic Separator","Series-034","Confirm whether this URL is a distinct SKU or consolidate it under a canonical family."
"raw-035-family-or-series","low","family-or-series","magnetic-separators","raw-035","https://cowinmachine.com/products/magnetic-separators/mag-series-035-035","Wet Magnetic Separator","Series-035","Confirm page evidence and product identity with the owner."
"raw-035-generic-title-needs-identification","low","generic-title-needs-identification","magnetic-separators","raw-035","https://cowinmachine.com/products/magnetic-separators/mag-series-035-035","Wet Magnetic Separator","Series-035","Request a manufacturer model or approved family designation."
"raw-035-missing-specification","medium","missing-specification","magnetic-separators","raw-035","https://cowinmachine.com/products/magnetic-separators/mag-series-035-035","Wet Magnetic Separator","Series-035","Obtain approved model-specific specification data before a technical rewrite."
"raw-035-duplicate-or-near-duplicate","high","duplicate-or-near-duplicate","magnetic-separators","raw-035","https://cowinmachine.com/products/magnetic-separators/mag-series-035-035","Wet Magnetic Separator","Series-035","Confirm whether this URL is a distinct SKU or consolidate it under a canonical family."
"raw-036-family-or-series","low","family-or-series","magnetic-separators","raw-036","https://cowinmachine.com/products/magnetic-separators/mag-series-036-036","Dry Magnetic Separator","Series-036","Confirm page evidence and product identity with the owner."
"raw-036-generic-title-needs-identification","low","generic-title-needs-identification","magnetic-separators","raw-036","https://cowinmachine.com/products/magnetic-separators/mag-series-036-036","Dry Magnetic Separator","Series-036","Request a manufacturer model or approved family designation."
"raw-036-missing-specification","medium","missing-specification","magnetic-separators","raw-036","https://cowinmachine.com/products/magnetic-separators/mag-series-036-036","Dry Magnetic Separator","Series-036","Obtain approved model-specific specification data before a technical rewrite."
"raw-036-duplicate-or-near-duplicate","high","duplicate-or-near-duplicate","magnetic-separators","raw-036","https://cowinmachine.com/products/magnetic-separators/mag-series-036-036","Dry Magnetic Separator","Series-036","Confirm whether this URL is a distinct SKU or consolidate it under a canonical family."
"raw-037-family-or-series","low","family-or-series","magnetic-separators","raw-037","https://cowinmachine.com/products/magnetic-separators/mag-series-037-037","Wet Plate Magnetic Separator","Series-037","Confirm page evidence and product identity with the owner."
"raw-037-generic-title-needs-identification","low","generic-title-needs-identification","magnetic-separators","raw-037","https://cowinmachine.com/products/magnetic-separators/mag-series-037-037","Wet Plate Magnetic Separator","Series-037","Request a manufacturer model or approved family designation."
"raw-037-missing-specification","medium","missing-specification","magnetic-separators","raw-037","https://cowinmachine.com/products/magnetic-separators/mag-series-037-037","Wet Plate Magnetic Separator","Series-037","Obtain approved model-specific specification data before a technical rewrite."
"raw-038-family-or-series","low","family-or-series","magnetic-separators","raw-038","https://cowinmachine.com/products/magnetic-separators/mag-series-038-038","Wet Magnetic Separator","Series-038","Confirm page evidence and product identity with the owner."
"raw-038-generic-title-needs-identification","low","generic-title-needs-identification","magnetic-separators","raw-038","https://cowinmachine.com/products/magnetic-separators/mag-series-038-038","Wet Magnetic Separator","Series-038","Request a manufacturer model or approved family designation."
"raw-038-missing-specification","medium","missing-specification","magnetic-separators","raw-038","https://cowinmachine.com/products/magnetic-separators/mag-series-038-038","Wet Magnetic Separator","Series-038","Obtain approved model-specific specification data before a technical rewrite."
"raw-038-duplicate-or-near-duplicate","high","duplicate-or-near-duplicate","magnetic-separators","raw-038","https://cowinmachine.com/products/magnetic-separators/mag-series-038-038","Wet Magnetic Separator","Series-038","Confirm whether this URL is a distinct SKU or consolidate it under a canonical family."
"raw-039-family-or-series","low","family-or-series","magnetic-separators","raw-039","https://cowinmachine.com/products/magnetic-separators/mag-series-039-039","Wet Magnetic Separator","Series-039","Confirm page evidence and product identity with the owner."
"raw-039-generic-title-needs-identification","low","generic-title-needs-identification","magnetic-separators","raw-039","https://cowinmachine.com/products/magnetic-separators/mag-series-039-039","Wet Magnetic Separator","Series-039","Request a manufacturer model or approved family designation."
"raw-039-missing-specification","medium","missing-specification","magnetic-separators","raw-039","https://cowinmachine.com/products/magnetic-separators/mag-series-039-039","Wet Magnetic Separator","Series-039","Obtain approved model-specific specification data before a technical rewrite."
"raw-039-duplicate-or-near-duplicate","high","duplicate-or-near-duplicate","magnetic-separators","raw-039","https://cowinmachine.com/products/magnetic-separators/mag-series-039-039","Wet Magnetic Separator","Series-039","Confirm whether this URL is a distinct SKU or consolidate it under a canonical family."
"raw-040-family-or-series","low","family-or-series","magnetic-separators","raw-040","https://cowinmachine.com/products/magnetic-separators/mag-series-040-040","Magnetic Separator","Series-040","Confirm page evidence and product identity with the owner."
"raw-040-generic-title-needs-identification","low","generic-title-needs-identification","magnetic-separators","raw-040","https://cowinmachine.com/products/magnetic-separators/mag-series-040-040","Magnetic Separator","Series-040","Request a manufacturer model or approved family designation."
"raw-040-missing-specification","medium","missing-specification","magnetic-separators","raw-040","https://cowinmachine.com/products/magnetic-separators/mag-series-040-040","Magnetic Separator","Series-040","Obtain approved model-specific specification data before a technical rewrite."
"raw-040-duplicate-or-near-duplicate","high","duplicate-or-near-duplicate","magnetic-separators","raw-040","https://cowinmachine.com/products/magnetic-separators/mag-series-040-040","Magnetic Separator","Series-040","Confirm whether this URL is a distinct SKU or consolidate it under a canonical family."
"raw-041-family-or-series","low","family-or-series","magnetic-separators","raw-041","https://cowinmachine.com/products/magnetic-separators/mag-series-041-041","Wet Magnetic Separator","Series-041","Confirm page evidence and product identity with the owner."
"raw-041-generic-title-needs-identification","low","generic-title-needs-identification","magnetic-separators","raw-041","https://cowinmachine.com/products/magnetic-separators/mag-series-041-041","Wet Magnetic Separator","Series-041","Request a manufacturer model or approved family designation."
"raw-041-missing-specification","medium","missing-specification","magnetic-separators","raw-041","https://cowinmachine.com/products/magnetic-separators/mag-series-041-041","Wet Magnetic Separator","Series-041","Obtain approved model-specific specification data before a technical rewrite."
"raw-041-duplicate-or-near-duplicate","high","duplicate-or-near-duplicate","magnetic-separators","raw-041","https://cowinmachine.com/products/magnetic-separators/mag-series-041-041","Wet Magnetic Separator","Series-041","Confirm whether this URL is a distinct SKU or consolidate it under a canonical family."
"raw-042-family-or-series","low","family-or-series","magnetic-separators","raw-042","https://cowinmachine.com/products/magnetic-separators/mag-series-042-042","Permanent Dry Magnetic Separator","Series-042","Confirm page evidence and product identity with the owner."
"raw-042-generic-title-needs-identification","low","generic-title-needs-identification","magnetic-separators","raw-042","https://cowinmachine.com/products/magnetic-separators/mag-series-042-042","Permanent Dry Magnetic Separator","Series-042","Request a manufacturer model or approved family designation."
"raw-042-missing-specification","medium","missing-specification","magnetic-separators","raw-042","https://cowinmachine.com/products/magnetic-separators/mag-series-042-042","Permanent Dry Magnetic Separator","Series-042","Obtain approved model-specific specification data before a technical rewrite."
"raw-043-family-or-series","low","family-or-series","magnetic-separators","raw-043","https://cowinmachine.com/products/magnetic-separators/mag-series-043-043","Wet Magnetic Separator","Series-043","Confirm page evidence and product identity with the owner."
"raw-043-generic-title-needs-identification","low","generic-title-needs-identification","magnetic-separators","raw-043","https://cowinmachine.com/products/magnetic-separators/mag-series-043-043","Wet Magnetic Separator","Series-043","Request a manufacturer model or approved family designation."
"raw-043-missing-specification","medium","missing-specification","magnetic-separators","raw-043","https://cowinmachine.com/products/magnetic-separators/mag-series-043-043","Wet Magnetic Separator","Series-043","Obtain approved model-specific specification data before a technical rewrite."
"raw-043-duplicate-or-near-duplicate","high","duplicate-or-near-duplicate","magnetic-separators","raw-043","https://cowinmachine.com/products/magnetic-separators/mag-series-043-043","Wet Magnetic Separator","Series-043","Confirm whether this URL is a distinct SKU or consolidate it under a canonical family."
"raw-044-family-or-series","low","family-or-series","magnetic-separators","raw-044","https://cowinmachine.com/products/magnetic-separators/mag-series-044-044","Wet Magnetic Separator","Series-044","Confirm page evidence and product identity with the owner."
"raw-044-generic-title-needs-identification","low","generic-title-needs-identification","magnetic-separators","raw-044","https://cowinmachine.com/products/magnetic-separators/mag-series-044-044","Wet Magnetic Separator","Series-044","Request a manufacturer model or approved family designation."
"raw-044-missing-specification","medium","missing-specification","magnetic-separators","raw-044","https://cowinmachine.com/products/magnetic-separators/mag-series-044-044","Wet Magnetic Separator","Series-044","Obtain approved model-specific specification data before a technical rewrite."
"raw-044-duplicate-or-near-duplicate","high","duplicate-or-near-duplicate","magnetic-separators","raw-044","https://cowinmachine.com/products/magnetic-separators/mag-series-044-044","Wet Magnetic Separator","Series-044","Confirm whether this URL is a distinct SKU or consolidate it under a canonical family."
"raw-045-family-or-series","low","family-or-series","magnetic-separators","raw-045","https://cowinmachine.com/products/magnetic-separators/mag-series-045-045","Magnetic Separator","Series-045","Confirm page evidence and product identity with the owner."
"raw-045-generic-title-needs-identification","low","generic-title-needs-identification","magnetic-separators","raw-045","https://cowinmachine.com/products/magnetic-separators/mag-series-045-045","Magnetic Separator","Series-045","Request a manufacturer model or approved family designation."
"raw-045-missing-specification","medium","missing-specification","magnetic-separators","raw-045","https://cowinmachine.com/products/magnetic-separators/mag-series-045-045","Magnetic Separator","Series-045","Obtain approved model-specific specification data before a technical rewrite."
"raw-045-duplicate-or-near-duplicate","high","duplicate-or-near-duplicate","magnetic-separators","raw-045","https://cowinmachine.com/products/magnetic-separators/mag-series-045-045","Magnetic Separator","Series-045","Confirm whether this URL is a distinct SKU or consolidate it under a canonical family."
"raw-046-family-or-series","low","family-or-series","magnetic-separators","raw-046","https://cowinmachine.com/products/magnetic-separators/mag-series-046-046","Dry Magnetic Separator","Series-046","Confirm page evidence and product identity with the owner."
"raw-046-generic-title-needs-identification","low","generic-title-needs-identification","magnetic-separators","raw-046","https://cowinmachine.com/products/magnetic-separators/mag-series-046-046","Dry Magnetic Separator","Series-046","Request a manufacturer model or approved family designation."
"raw-046-missing-specification","medium","missing-specification","magnetic-separators","raw-046","https://cowinmachine.com/products/magnetic-separators/mag-series-046-046","Dry Magnetic Separator","Series-046","Obtain approved model-specific specification data before a technical rewrite."
"raw-046-duplicate-or-near-duplicate","high","duplicate-or-near-duplicate","magnetic-separators","raw-046","https://cowinmachine.com/products/magnetic-separators/mag-series-046-046","Dry Magnetic Separator","Series-046","Confirm whether this URL is a distinct SKU or consolidate it under a canonical family."
"raw-047-family-or-series","low","family-or-series","magnetic-separators","raw-047","https://cowinmachine.com/products/magnetic-separators/mag-series-047-047","Magnetic Separator","Series-047","Confirm page evidence and product identity with the owner."
"raw-047-generic-title-needs-identification","low","generic-title-needs-identification","magnetic-separators","raw-047","https://cowinmachine.com/products/magnetic-separators/mag-series-047-047","Magnetic Separator","Series-047","Request a manufacturer model or approved family designation."
"raw-047-missing-specification","medium","missing-specification","magnetic-separators","raw-047","https://cowinmachine.com/products/magnetic-separators/mag-series-047-047","Magnetic Separator","Series-047","Obtain approved model-specific specification data before a technical rewrite."
"raw-047-duplicate-or-near-duplicate","high","duplicate-or-near-duplicate","magnetic-separators","raw-047","https://cowinmachine.com/products/magnetic-separators/mag-series-047-047","Magnetic Separator","Series-047","Confirm whether this URL is a distinct SKU or consolidate it under a canonical family."
"raw-048-family-or-series","low","family-or-series","magnetic-separators","raw-048","https://cowinmachine.com/products/magnetic-separators/mag-series-048-048","Magnetic Separator","Series-048","Confirm page evidence and product identity with the owner."
"raw-048-generic-title-needs-identification","low","generic-title-needs-identification","magnetic-separators","raw-048","https://cowinmachine.com/products/magnetic-separators/mag-series-048-048","Magnetic Separator","Series-048","Request a manufacturer model or approved family designation."
"raw-048-missing-specification","medium","missing-specification","magnetic-separators","raw-048","https://cowinmachine.com/products/magnetic-separators/mag-series-048-048","Magnetic Separator","Series-048","Obtain approved model-specific specification data before a technical rewrite."
"raw-048-duplicate-or-near-duplicate","high","duplicate-or-near-duplicate","magnetic-separators","raw-048","https://cowinmachine.com/products/magnetic-separators/mag-series-048-048","Magnetic Separator","Series-048","Confirm whether this URL is a distinct SKU or consolidate it under a canonical family."
"raw-049-family-or-series","low","family-or-series","magnetic-separators","raw-049","https://cowinmachine.com/products/magnetic-separators/mag-series-049-049","Magnetic Separator","Series-049","Confirm page evidence and product identity with the owner."
"raw-049-generic-title-needs-identification","low","generic-title-needs-identification","magnetic-separators","raw-049","https://cowinmachine.com/products/magnetic-separators/mag-series-049-049","Magnetic Separator","Series-049","Request a manufacturer model or approved family designation."
"raw-049-missing-specification","medium","missing-specification","magnetic-separators","raw-049","https://cowinmachine.com/products/magnetic-separators/mag-series-049-049","Magnetic Separator","Series-049","Obtain approved model-specific specification data before a technical rewrite."
"raw-049-duplicate-or-near-duplicate","high","duplicate-or-near-duplicate","magnetic-separators","raw-049","https://cowinmachine.com/products/magnetic-separators/mag-series-049-049","Magnetic Separator","Series-049","Confirm whether this URL is a distinct SKU or consolidate it under a canonical family."
"raw-050-family-or-series","low","family-or-series","magnetic-separators","raw-050","https://cowinmachine.com/products/magnetic-separators/mag-series-050-050","Magnetic Separator","Series-050","Confirm page evidence and product identity with the owner."
"raw-050-generic-title-needs-identification","low","generic-title-needs-identification","magnetic-separators","raw-050","https://cowinmachine.com/products/magnetic-separators/mag-series-050-050","Magnetic Separator","Series-050","Request a manufacturer model or approved family designation."
"raw-050-missing-specification","medium","missing-specification","magnetic-separators","raw-050","https://cowinmachine.com/products/magnetic-separators/mag-series-050-050","Magnetic Separator","Series-050","Obtain approved model-specific specification data before a technical rewrite."
"raw-050-duplicate-or-near-duplicate","high","duplicate-or-near-duplicate","magnetic-separators","raw-050","https://cowinmachine.com/products/magnetic-separators/mag-series-050-050","Magnetic Separator","Series-050","Confirm whether this URL is a distinct SKU or consolidate it under a canonical family."
"raw-051-family-or-series","low","family-or-series","magnetic-separators","raw-051","https://cowinmachine.com/products/magnetic-separators/mag-series-051-051","Magnetic Separator","Series-051","Confirm page evidence and product identity with the owner."
"raw-051-generic-title-needs-identification","low","generic-title-needs-identification","magnetic-separators","raw-051","https://cowinmachine.com/products/magnetic-separators/mag-series-051-051","Magnetic Separator","Series-051","Request a manufacturer model or approved family designation."
"raw-051-missing-specification","medium","missing-specification","magnetic-separators","raw-051","https://cowinmachine.com/products/magnetic-separators/mag-series-051-051","Magnetic Separator","Series-051","Obtain approved model-specific specification data before a technical rewrite."
"raw-051-duplicate-or-near-duplicate","high","duplicate-or-near-duplicate","magnetic-separators","raw-051","https://cowinmachine.com/products/magnetic-separators/mag-series-051-051","Magnetic Separator","Series-051","Confirm whether this URL is a distinct SKU or consolidate it under a canonical family."
"raw-052-family-or-series","low","family-or-series","magnetic-separators","raw-052","https://cowinmachine.com/products/magnetic-separators/mag-series-052-052","Magnetic Separator","Series-052","Confirm page evidence and product identity with the owner."
"raw-052-generic-title-needs-identification","low","generic-title-needs-identification","magnetic-separators","raw-052","https://cowinmachine.com/products/magnetic-separators/mag-series-052-052","Magnetic Separator","Series-052","Request a manufacturer model or approved family designation."
"raw-052-missing-specification","medium","missing-specification","magnetic-separators","raw-052","https://cowinmachine.com/products/magnetic-separators/mag-series-052-052","Magnetic Separator","Series-052","Obtain approved model-specific specification data before a technical rewrite."
"raw-052-duplicate-or-near-duplicate","high","duplicate-or-near-duplicate","magnetic-separators","raw-052","https://cowinmachine.com/products/magnetic-separators/mag-series-052-052","Magnetic Separator","Series-052","Confirm whether this URL is a distinct SKU or consolidate it under a canonical family."
"raw-053-family-or-series","low","family-or-series","magnetic-separators","raw-053","https://cowinmachine.com/products/magnetic-separators/mag-series-053-053","Permanent Suspended Magnetic Separator","Series-053","Confirm page evidence and product identity with the owner."
"raw-053-generic-title-needs-identification","low","generic-title-needs-identification","magnetic-separators","raw-053","https://cowinmachine.com/products/magnetic-separators/mag-series-053-053","Permanent Suspended Magnetic Separator","Series-053","Request a manufacturer model or approved family designation."
"raw-053-missing-specification","medium","missing-specification","magnetic-separators","raw-053","https://cowinmachine.com/products/magnetic-separators/mag-series-053-053","Permanent Suspended Magnetic Separator","Series-053","Obtain approved model-specific specification data before a technical rewrite."
"raw-054-family-or-series","low","family-or-series","magnetic-separators","raw-054","https://cowinmachine.com/products/magnetic-separators/mag-series-054-054","Electromagnetic Suspended Magnetic Separator","Series-054","Confirm page evidence and product identity with the owner."
"raw-054-generic-title-needs-identification","low","generic-title-needs-identification","magnetic-separators","raw-054","https://cowinmachine.com/products/magnetic-separators/mag-series-054-054","Electromagnetic Suspended Magnetic Separator","Series-054","Request a manufacturer model or approved family designation."
"raw-054-missing-specification","medium","missing-specification","magnetic-separators","raw-054","https://cowinmachine.com/products/magnetic-separators/mag-series-054-054","Electromagnetic Suspended Magnetic Separator","Series-054","Obtain approved model-specific specification data before a technical rewrite."
"raw-055-family-or-series","low","family-or-series","magnetic-separators","raw-055","https://cowinmachine.com/products/magnetic-separators/mag-series-055-055","Metal-Detection Magnetic Separator","Series-055","Confirm page evidence and product identity with the owner."
"raw-055-generic-title-needs-identification","low","generic-title-needs-identification","magnetic-separators","raw-055","https://cowinmachine.com/products/magnetic-separators/mag-series-055-055","Metal-Detection Magnetic Separator","Series-055","Request a manufacturer model or approved family designation."
"raw-055-missing-specification","medium","missing-specification","magnetic-separators","raw-055","https://cowinmachine.com/products/magnetic-separators/mag-series-055-055","Metal-Detection Magnetic Separator","Series-055","Obtain approved model-specific specification data before a technical rewrite."
"raw-055-duplicate-or-near-duplicate","high","duplicate-or-near-duplicate","magnetic-separators","raw-055","https://cowinmachine.com/products/magnetic-separators/mag-series-055-055","Metal-Detection Magnetic Separator","Series-055","Confirm whether this URL is a distinct SKU or consolidate it under a canonical family."
"raw-056-family-or-series","low","family-or-series","magnetic-separators","raw-056","https://cowinmachine.com/products/magnetic-separators/mag-series-056-056","Metal-Detection Magnetic Separator","Series-056","Confirm page evidence and product identity with the owner."
"raw-056-generic-title-needs-identification","low","generic-title-needs-identification","magnetic-separators","raw-056","https://cowinmachine.com/products/magnetic-separators/mag-series-056-056","Metal-Detection Magnetic Separator","Series-056","Request a manufacturer model or approved family designation."
"raw-056-missing-specification","medium","missing-specification","magnetic-separators","raw-056","https://cowinmachine.com/products/magnetic-separators/mag-series-056-056","Metal-Detection Magnetic Separator","Series-056","Obtain approved model-specific specification data before a technical rewrite."
"raw-056-duplicate-or-near-duplicate","high","duplicate-or-near-duplicate","magnetic-separators","raw-056","https://cowinmachine.com/products/magnetic-separators/mag-series-056-056","Metal-Detection Magnetic Separator","Series-056","Confirm whether this URL is a distinct SKU or consolidate it under a canonical family."
"raw-057-family-or-series","low","family-or-series","magnetic-separators","raw-057","https://cowinmachine.com/products/magnetic-separators/mag-series-057-057","Eddy-Current Magnetic Separator","Series-057","Confirm page evidence and product identity with the owner."
"raw-057-generic-title-needs-identification","low","generic-title-needs-identification","magnetic-separators","raw-057","https://cowinmachine.com/products/magnetic-separators/mag-series-057-057","Eddy-Current Magnetic Separator","Series-057","Request a manufacturer model or approved family designation."
"raw-057-missing-specification","medium","missing-specification","magnetic-separators","raw-057","https://cowinmachine.com/products/magnetic-separators/mag-series-057-057","Eddy-Current Magnetic Separator","Series-057","Obtain approved model-specific specification data before a technical rewrite."
"raw-057-duplicate-or-near-duplicate","high","duplicate-or-near-duplicate","magnetic-separators","raw-057","https://cowinmachine.com/products/magnetic-separators/mag-series-057-057","Eddy-Current Magnetic Separator","Series-057","Confirm whether this URL is a distinct SKU or consolidate it under a canonical family."
"raw-058-family-or-series","low","family-or-series","magnetic-separators","raw-058","https://cowinmachine.com/products/magnetic-separators/mag-series-058-058","Eddy-Current Magnetic Separator","Series-058","Confirm page evidence and product identity with the owner."
"raw-058-generic-title-needs-identification","low","generic-title-needs-identification","magnetic-separators","raw-058","https://cowinmachine.com/products/magnetic-separators/mag-series-058-058","Eddy-Current Magnetic Separator","Series-058","Request a manufacturer model or approved family designation."
"raw-058-missing-specification","medium","missing-specification","magnetic-separators","raw-058","https://cowinmachine.com/products/magnetic-separators/mag-series-058-058","Eddy-Current Magnetic Separator","Series-058","Obtain approved model-specific specification data before a technical rewrite."
"raw-058-duplicate-or-near-duplicate","high","duplicate-or-near-duplicate","magnetic-separators","raw-058","https://cowinmachine.com/products/magnetic-separators/mag-series-058-058","Eddy-Current Magnetic Separator","Series-058","Confirm whether this URL is a distinct SKU or consolidate it under a canonical family."
"raw-059-family-or-series","low","family-or-series","magnetic-separators","raw-059","https://cowinmachine.com/products/magnetic-separators/mag-series-059-059","Drum Magnetic Separator","Series-059","Confirm page evidence and product identity with the owner."
"raw-059-generic-title-needs-identification","low","generic-title-needs-identification","magnetic-separators","raw-059","https://cowinmachine.com/products/magnetic-separators/mag-series-059-059","Drum Magnetic Separator","Series-059","Request a manufacturer model or approved family designation."
"raw-059-missing-specification","medium","missing-specification","magnetic-separators","raw-059","https://cowinmachine.com/products/magnetic-separators/mag-series-059-059","Drum Magnetic Separator","Series-059","Obtain approved model-specific specification data before a technical rewrite."
"raw-059-duplicate-or-near-duplicate","high","duplicate-or-near-duplicate","magnetic-separators","raw-059","https://cowinmachine.com/products/magnetic-separators/mag-series-059-059","Drum Magnetic Separator","Series-059","Confirm whether this URL is a distinct SKU or consolidate it under a canonical family."
"raw-060-family-or-series","low","family-or-series","magnetic-separators","raw-060","https://cowinmachine.com/products/magnetic-separators/mag-series-060-060","Eddy-Current Magnetic Separator","Series-060","Confirm page evidence and product identity with the owner."
"raw-060-generic-title-needs-identification","low","generic-title-needs-identification","magnetic-separators","raw-060","https://cowinmachine.com/products/magnetic-separators/mag-series-060-060","Eddy-Current Magnetic Separator","Series-060","Request a manufacturer model or approved family designation."
"raw-060-missing-specification","medium","missing-specification","magnetic-separators","raw-060","https://cowinmachine.com/products/magnetic-separators/mag-series-060-060","Eddy-Current Magnetic Separator","Series-060","Obtain approved model-specific specification data before a technical rewrite."
"raw-060-duplicate-or-near-duplicate","high","duplicate-or-near-duplicate","magnetic-separators","raw-060","https://cowinmachine.com/products/magnetic-separators/mag-series-060-060","Eddy-Current Magnetic Separator","Series-060","Confirm whether this URL is a distinct SKU or consolidate it under a canonical family."
"raw-061-family-or-series","low","family-or-series","magnetic-separators","raw-061","https://cowinmachine.com/products/magnetic-separators/mag-series-061-061","Magnetic Separator","Series-061","Confirm page evidence and product identity with the owner."
"raw-061-generic-title-needs-identification","low","generic-title-needs-identification","magnetic-separators","raw-061","https://cowinmachine.com/products/magnetic-separators/mag-series-061-061","Magnetic Separator","Series-061","Request a manufacturer model or approved family designation."
"raw-061-missing-specification","medium","missing-specification","magnetic-separators","raw-061","https://cowinmachine.com/products/magnetic-separators/mag-series-061-061","Magnetic Separator","Series-061","Obtain approved model-specific specification data before a technical rewrite."
"raw-061-duplicate-or-near-duplicate","high","duplicate-or-near-duplicate","magnetic-separators","raw-061","https://cowinmachine.com/products/magnetic-separators/mag-series-061-061","Magnetic Separator","Series-061","Confirm whether this URL is a distinct SKU or consolidate it under a canonical family."
"raw-062-family-or-series","low","family-or-series","magnetic-separators","raw-062","https://cowinmachine.com/products/magnetic-separators/mag-series-062-062","Magnetic Separator","Series-062","Confirm page evidence and product identity with the owner."
"raw-062-generic-title-needs-identification","low","generic-title-needs-identification","magnetic-separators","raw-062","https://cowinmachine.com/products/magnetic-separators/mag-series-062-062","Magnetic Separator","Series-062","Request a manufacturer model or approved family designation."
"raw-062-missing-specification","medium","missing-specification","magnetic-separators","raw-062","https://cowinmachine.com/products/magnetic-separators/mag-series-062-062","Magnetic Separator","Series-062","Obtain approved model-specific specification data before a technical rewrite."
"raw-062-duplicate-or-near-duplicate","high","duplicate-or-near-duplicate","magnetic-separators","raw-062","https://cowinmachine.com/products/magnetic-separators/mag-series-062-062","Magnetic Separator","Series-062","Confirm whether this URL is a distinct SKU or consolidate it under a canonical family."
"raw-063-family-or-series","low","family-or-series","magnetic-separators","raw-063","https://cowinmachine.com/products/magnetic-separators/mag-series-063-063","Permanent Overband Magnetic Separator","Series-063","Confirm page evidence and product identity with the owner."
"raw-063-generic-title-needs-identification","low","generic-title-needs-identification","magnetic-separators","raw-063","https://cowinmachine.com/products/magnetic-separators/mag-series-063-063","Permanent Overband Magnetic Separator","Series-063","Request a manufacturer model or approved family designation."
"raw-063-missing-specification","medium","missing-specification","magnetic-separators","raw-063","https://cowinmachine.com/products/magnetic-separators/mag-series-063-063","Permanent Overband Magnetic Separator","Series-063","Obtain approved model-specific specification data before a technical rewrite."
"raw-064-family-or-series","low","family-or-series","magnetic-separators","raw-064","https://cowinmachine.com/products/magnetic-separators/mag-series-064-064","Magnetic Separator","Series-064","Confirm page evidence and product identity with the owner."
"raw-064-generic-title-needs-identification","low","generic-title-needs-identification","magnetic-separators","raw-064","https://cowinmachine.com/products/magnetic-separators/mag-series-064-064","Magnetic Separator","Series-064","Request a manufacturer model or approved family designation."
"raw-064-missing-specification","medium","missing-specification","magnetic-separators","raw-064","https://cowinmachine.com/products/magnetic-separators/mag-series-064-064","Magnetic Separator","Series-064","Obtain approved model-specific specification data before a technical rewrite."
"raw-064-duplicate-or-near-duplicate","high","duplicate-or-near-duplicate","magnetic-separators","raw-064","https://cowinmachine.com/products/magnetic-separators/mag-series-064-064","Magnetic Separator","Series-064","Confirm whether this URL is a distinct SKU or consolidate it under a canonical family."
"raw-065-family-or-series","low","family-or-series","magnetic-separators","raw-065","https://cowinmachine.com/products/magnetic-separators/mag-series-065-065","Magnetic Separator","Series-065","Confirm page evidence and product identity with the owner."
"raw-065-generic-title-needs-identification","low","generic-title-needs-identification","magnetic-separators","raw-065","https://cowinmachine.com/products/magnetic-separators/mag-series-065-065","Magnetic Separator","Series-065","Request a manufacturer model or approved family designation."
"raw-065-missing-specification","medium","missing-specification","magnetic-separators","raw-065","https://cowinmachine.com/products/magnetic-separators/mag-series-065-065","Magnetic Separator","Series-065","Obtain approved model-specific specification data before a technical rewrite."
"raw-065-duplicate-or-near-duplicate","high","duplicate-or-near-duplicate","magnetic-separators","raw-065","https://cowinmachine.com/products/magnetic-separators/mag-series-065-065","Magnetic Separator","Series-065","Confirm whether this URL is a distinct SKU or consolidate it under a canonical family."
"raw-066-family-or-series","low","family-or-series","magnetic-separators","raw-066","https://cowinmachine.com/products/magnetic-separators/mag-series-066-066","Wet Magnetic Separator","Series-066","Confirm page evidence and product identity with the owner."
"raw-066-generic-title-needs-identification","low","generic-title-needs-identification","magnetic-separators","raw-066","https://cowinmachine.com/products/magnetic-separators/mag-series-066-066","Wet Magnetic Separator","Series-066","Request a manufacturer model or approved family designation."
"raw-066-missing-specification","medium","missing-specification","magnetic-separators","raw-066","https://cowinmachine.com/products/magnetic-separators/mag-series-066-066","Wet Magnetic Separator","Series-066","Obtain approved model-specific specification data before a technical rewrite."
"raw-066-duplicate-or-near-duplicate","high","duplicate-or-near-duplicate","magnetic-separators","raw-066","https://cowinmachine.com/products/magnetic-separators/mag-series-066-066","Wet Magnetic Separator","Series-066","Confirm whether this URL is a distinct SKU or consolidate it under a canonical family."
"raw-067-family-or-series","low","family-or-series","magnetic-separators","raw-067","https://cowinmachine.com/products/magnetic-separators/mag-series-067-067","Roller Magnetic Separator","Series-067","Confirm page evidence and product identity with the owner."
"raw-067-generic-title-needs-identification","low","generic-title-needs-identification","magnetic-separators","raw-067","https://cowinmachine.com/products/magnetic-separators/mag-series-067-067","Roller Magnetic Separator","Series-067","Request a manufacturer model or approved family designation."
"raw-067-missing-specification","medium","missing-specification","magnetic-separators","raw-067","https://cowinmachine.com/products/magnetic-separators/mag-series-067-067","Roller Magnetic Separator","Series-067","Obtain approved model-specific specification data before a technical rewrite."
"raw-067-duplicate-or-near-duplicate","high","duplicate-or-near-duplicate","magnetic-separators","raw-067","https://cowinmachine.com/products/magnetic-separators/mag-series-067-067","Roller Magnetic Separator","Series-067","Confirm whether this URL is a distinct SKU or consolidate it under a canonical family."
"raw-068-family-or-series","low","family-or-series","magnetic-separators","raw-068","https://cowinmachine.com/products/magnetic-separators/mag-series-068-068","Wet Magnetic Separator","Series-068","Confirm page evidence and product identity with the owner."
"raw-068-generic-title-needs-identification","low","generic-title-needs-identification","magnetic-separators","raw-068","https://cowinmachine.com/products/magnetic-separators/mag-series-068-068","Wet Magnetic Separator","Series-068","Request a manufacturer model or approved family designation."
"raw-068-missing-specification","medium","missing-specification","magnetic-separators","raw-068","https://cowinmachine.com/products/magnetic-separators/mag-series-068-068","Wet Magnetic Separator","Series-068","Obtain approved model-specific specification data before a technical rewrite."
"raw-068-duplicate-or-near-duplicate","high","duplicate-or-near-duplicate","magnetic-separators","raw-068","https://cowinmachine.com/products/magnetic-separators/mag-series-068-068","Wet Magnetic Separator","Series-068","Confirm whether this URL is a distinct SKU or consolidate it under a canonical family."
"raw-069-missing-specification","medium","missing-specification","magnetic-separators","raw-069","https://cowinmachine.com/products/magnetic-separators/mag-rcyz-069","RCYZ Magnetic Separator","RCYZ","Obtain approved model-specific specification data before a technical rewrite."
"raw-069-duplicate-or-near-duplicate","high","duplicate-or-near-duplicate","magnetic-separators","raw-069","https://cowinmachine.com/products/magnetic-separators/mag-rcyz-069","RCYZ Magnetic Separator","RCYZ","Confirm whether this URL is a distinct SKU or consolidate it under a canonical family."
"raw-070-family-or-series","low","family-or-series","magnetic-separators","raw-070","https://cowinmachine.com/products/magnetic-separators/mag-series-070-070","Magnetic Separator","Series-070","Confirm page evidence and product identity with the owner."
"raw-070-generic-title-needs-identification","low","generic-title-needs-identification","magnetic-separators","raw-070","https://cowinmachine.com/products/magnetic-separators/mag-series-070-070","Magnetic Separator","Series-070","Request a manufacturer model or approved family designation."
"raw-070-missing-specification","medium","missing-specification","magnetic-separators","raw-070","https://cowinmachine.com/products/magnetic-separators/mag-series-070-070","Magnetic Separator","Series-070","Obtain approved model-specific specification data before a technical rewrite."
"raw-070-duplicate-or-near-duplicate","high","duplicate-or-near-duplicate","magnetic-separators","raw-070","https://cowinmachine.com/products/magnetic-separators/mag-series-070-070","Magnetic Separator","Series-070","Confirm whether this URL is a distinct SKU or consolidate it under a canonical family."
"raw-071-family-or-series","low","family-or-series","magnetic-separators","raw-071","https://cowinmachine.com/products/magnetic-separators/mag-series-071-071","Roller Magnetic Separator","Series-071","Confirm page evidence and product identity with the owner."
"raw-071-generic-title-needs-identification","low","generic-title-needs-identification","magnetic-separators","raw-071","https://cowinmachine.com/products/magnetic-separators/mag-series-071-071","Roller Magnetic Separator","Series-071","Request a manufacturer model or approved family designation."
"raw-071-missing-specification","medium","missing-specification","magnetic-separators","raw-071","https://cowinmachine.com/products/magnetic-separators/mag-series-071-071","Roller Magnetic Separator","Series-071","Obtain approved model-specific specification data before a technical rewrite."
"raw-071-duplicate-or-near-duplicate","high","duplicate-or-near-duplicate","magnetic-separators","raw-071","https://cowinmachine.com/products/magnetic-separators/mag-series-071-071","Roller Magnetic Separator","Series-071","Confirm whether this URL is a distinct SKU or consolidate it under a canonical family."
"raw-072-family-or-series","low","family-or-series","magnetic-separators","raw-072","https://cowinmachine.com/products/magnetic-separators/mag-series-072-072","Roller Magnetic Separator","Series-072","Confirm page evidence and product identity with the owner."
"raw-072-generic-title-needs-identification","low","generic-title-needs-identification","magnetic-separators","raw-072","https://cowinmachine.com/products/magnetic-separators/mag-series-072-072","Roller Magnetic Separator","Series-072","Request a manufacturer model or approved family designation."
"raw-072-missing-specification","medium","missing-specification","magnetic-separators","raw-072","https://cowinmachine.com/products/magnetic-separators/mag-series-072-072","Roller Magnetic Separator","Series-072","Obtain approved model-specific specification data before a technical rewrite."
"raw-072-duplicate-or-near-duplicate","high","duplicate-or-near-duplicate","magnetic-separators","raw-072","https://cowinmachine.com/products/magnetic-separators/mag-series-072-072","Roller Magnetic Separator","Series-072","Confirm whether this URL is a distinct SKU or consolidate it under a canonical family."
"raw-073-family-or-series","low","family-or-series","magnetic-separators","raw-073","https://cowinmachine.com/products/magnetic-separators/mag-series-073-073","Wet Roller Magnetic Separator","Series-073","Confirm page evidence and product identity with the owner."
"raw-073-generic-title-needs-identification","low","generic-title-needs-identification","magnetic-separators","raw-073","https://cowinmachine.com/products/magnetic-separators/mag-series-073-073","Wet Roller Magnetic Separator","Series-073","Request a manufacturer model or approved family designation."
"raw-073-missing-specification","medium","missing-specification","magnetic-separators","raw-073","https://cowinmachine.com/products/magnetic-separators/mag-series-073-073","Wet Roller Magnetic Separator","Series-073","Obtain approved model-specific specification data before a technical rewrite."
"raw-074-family-or-series","low","family-or-series","magnetic-separators","raw-074","https://cowinmachine.com/products/magnetic-separators/mag-series-074-074","Magnetic Separator","Series-074","Confirm page evidence and product identity with the owner."
"raw-074-generic-title-needs-identification","low","generic-title-needs-identification","magnetic-separators","raw-074","https://cowinmachine.com/products/magnetic-separators/mag-series-074-074","Magnetic Separator","Series-074","Request a manufacturer model or approved family designation."
"raw-074-missing-specification","medium","missing-specification","magnetic-separators","raw-074","https://cowinmachine.com/products/magnetic-separators/mag-series-074-074","Magnetic Separator","Series-074","Obtain approved model-specific specification data before a technical rewrite."
"raw-074-duplicate-or-near-duplicate","high","duplicate-or-near-duplicate","magnetic-separators","raw-074","https://cowinmachine.com/products/magnetic-separators/mag-series-074-074","Magnetic Separator","Series-074","Confirm whether this URL is a distinct SKU or consolidate it under a canonical family."
"raw-075-family-or-series","low","family-or-series","magnetic-separators","raw-075","https://cowinmachine.com/products/magnetic-separators/mag-series-075-075","Magnetic Separator","Series-075","Confirm page evidence and product identity with the owner."
"raw-075-generic-title-needs-identification","low","generic-title-needs-identification","magnetic-separators","raw-075","https://cowinmachine.com/products/magnetic-separators/mag-series-075-075","Magnetic Separator","Series-075","Request a manufacturer model or approved family designation."
"raw-075-missing-specification","medium","missing-specification","magnetic-separators","raw-075","https://cowinmachine.com/products/magnetic-separators/mag-series-075-075","Magnetic Separator","Series-075","Obtain approved model-specific specification data before a technical rewrite."
"raw-075-duplicate-or-near-duplicate","high","duplicate-or-near-duplicate","magnetic-separators","raw-075","https://cowinmachine.com/products/magnetic-separators/mag-series-075-075","Magnetic Separator","Series-075","Confirm whether this URL is a distinct SKU or consolidate it under a canonical family."
"raw-076-family-or-series","low","family-or-series","magnetic-separators","raw-076","https://cowinmachine.com/products/magnetic-separators/mag-series-076-076","Magnetic Separator","Series-076","Confirm page evidence and product identity with the owner."
"raw-076-generic-title-needs-identification","low","generic-title-needs-identification","magnetic-separators","raw-076","https://cowinmachine.com/products/magnetic-separators/mag-series-076-076","Magnetic Separator","Series-076","Request a manufacturer model or approved family designation."
"raw-076-missing-specification","medium","missing-specification","magnetic-separators","raw-076","https://cowinmachine.com/products/magnetic-separators/mag-series-076-076","Magnetic Separator","Series-076","Obtain approved model-specific specification data before a technical rewrite."
"raw-076-duplicate-or-near-duplicate","high","duplicate-or-near-duplicate","magnetic-separators","raw-076","https://cowinmachine.com/products/magnetic-separators/mag-series-076-076","Magnetic Separator","Series-076","Confirm whether this URL is a distinct SKU or consolidate it under a canonical family."
"raw-077-family-or-series","low","family-or-series","magnetic-separators","raw-077","https://cowinmachine.com/products/magnetic-separators/mag-series-077-077","Magnetic Separator","Series-077","Confirm page evidence and product identity with the owner."
"raw-077-generic-title-needs-identification","low","generic-title-needs-identification","magnetic-separators","raw-077","https://cowinmachine.com/products/magnetic-separators/mag-series-077-077","Magnetic Separator","Series-077","Request a manufacturer model or approved family designation."
"raw-077-missing-specification","medium","missing-specification","magnetic-separators","raw-077","https://cowinmachine.com/products/magnetic-separators/mag-series-077-077","Magnetic Separator","Series-077","Obtain approved model-specific specification data before a technical rewrite."
"raw-077-duplicate-or-near-duplicate","high","duplicate-or-near-duplicate","magnetic-separators","raw-077","https://cowinmachine.com/products/magnetic-separators/mag-series-077-077","Magnetic Separator","Series-077","Confirm whether this URL is a distinct SKU or consolidate it under a canonical family."
"raw-078-family-or-series","low","family-or-series","magnetic-separators","raw-078","https://cowinmachine.com/products/magnetic-separators/mag-series-078-078","Magnetic Separator","Series-078","Confirm page evidence and product identity with the owner."
"raw-078-generic-title-needs-identification","low","generic-title-needs-identification","magnetic-separators","raw-078","https://cowinmachine.com/products/magnetic-separators/mag-series-078-078","Magnetic Separator","Series-078","Request a manufacturer model or approved family designation."
"raw-078-missing-specification","medium","missing-specification","magnetic-separators","raw-078","https://cowinmachine.com/products/magnetic-separators/mag-series-078-078","Magnetic Separator","Series-078","Obtain approved model-specific specification data before a technical rewrite."
"raw-078-duplicate-or-near-duplicate","high","duplicate-or-near-duplicate","magnetic-separators","raw-078","https://cowinmachine.com/products/magnetic-separators/mag-series-078-078","Magnetic Separator","Series-078","Confirm whether this URL is a distinct SKU or consolidate it under a canonical family."
"raw-079-family-or-series","low","family-or-series","magnetic-separators","raw-079","https://cowinmachine.com/products/magnetic-separators/mag-series-079-079","Magnetic Separator","Series-079","Confirm page evidence and product identity with the owner."
"raw-079-generic-title-needs-identification","low","generic-title-needs-identification","magnetic-separators","raw-079","https://cowinmachine.com/products/magnetic-separators/mag-series-079-079","Magnetic Separator","Series-079","Request a manufacturer model or approved family designation."
"raw-079-missing-specification","medium","missing-specification","magnetic-separators","raw-079","https://cowinmachine.com/products/magnetic-separators/mag-series-079-079","Magnetic Separator","Series-079","Obtain approved model-specific specification data before a technical rewrite."
"raw-079-duplicate-or-near-duplicate","high","duplicate-or-near-duplicate","magnetic-separators","raw-079","https://cowinmachine.com/products/magnetic-separators/mag-series-079-079","Magnetic Separator","Series-079","Confirm whether this URL is a distinct SKU or consolidate it under a canonical family."
"raw-080-family-or-series","low","family-or-series","magnetic-separators","raw-080","https://cowinmachine.com/products/magnetic-separators/mag-series-080-080","Permanent Magnetic Separator","Series-080","Confirm page evidence and product identity with the owner."
"raw-080-generic-title-needs-identification","low","generic-title-needs-identification","magnetic-separators","raw-080","https://cowinmachine.com/products/magnetic-separators/mag-series-080-080","Permanent Magnetic Separator","Series-080","Request a manufacturer model or approved family designation."
"raw-080-missing-specification","medium","missing-specification","magnetic-separators","raw-080","https://cowinmachine.com/products/magnetic-separators/mag-series-080-080","Permanent Magnetic Separator","Series-080","Obtain approved model-specific specification data before a technical rewrite."
"raw-080-duplicate-or-near-duplicate","high","duplicate-or-near-duplicate","magnetic-separators","raw-080","https://cowinmachine.com/products/magnetic-separators/mag-series-080-080","Permanent Magnetic Separator","Series-080","Confirm whether this URL is a distinct SKU or consolidate it under a canonical family."
"raw-081-family-or-series","low","family-or-series","magnetic-separators","raw-081","https://cowinmachine.com/products/magnetic-separators/mag-series-081-081","Magnetic Separator","Series-081","Confirm page evidence and product identity with the owner."
"raw-081-generic-title-needs-identification","low","generic-title-needs-identification","magnetic-separators","raw-081","https://cowinmachine.com/products/magnetic-separators/mag-series-081-081","Magnetic Separator","Series-081","Request a manufacturer model or approved family designation."
"raw-081-missing-specification","medium","missing-specification","magnetic-separators","raw-081","https://cowinmachine.com/products/magnetic-separators/mag-series-081-081","Magnetic Separator","Series-081","Obtain approved model-specific specification data before a technical rewrite."
"raw-081-duplicate-or-near-duplicate","high","duplicate-or-near-duplicate","magnetic-separators","raw-081","https://cowinmachine.com/products/magnetic-separators/mag-series-081-081","Magnetic Separator","Series-081","Confirm whether this URL is a distinct SKU or consolidate it under a canonical family."
"raw-082-family-or-series","low","family-or-series","magnetic-separators","raw-082","https://cowinmachine.com/products/magnetic-separators/mag-series-082-082","Magnetic Separator","Series-082","Confirm page evidence and product identity with the owner."
"raw-082-generic-title-needs-identification","low","generic-title-needs-identification","magnetic-separators","raw-082","https://cowinmachine.com/products/magnetic-separators/mag-series-082-082","Magnetic Separator","Series-082","Request a manufacturer model or approved family designation."
"raw-082-missing-specification","medium","missing-specification","magnetic-separators","raw-082","https://cowinmachine.com/products/magnetic-separators/mag-series-082-082","Magnetic Separator","Series-082","Obtain approved model-specific specification data before a technical rewrite."
"raw-082-duplicate-or-near-duplicate","high","duplicate-or-near-duplicate","magnetic-separators","raw-082","https://cowinmachine.com/products/magnetic-separators/mag-series-082-082","Magnetic Separator","Series-082","Confirm whether this URL is a distinct SKU or consolidate it under a canonical family."
"raw-083-family-or-series","low","family-or-series","magnetic-separators","raw-083","https://cowinmachine.com/products/magnetic-separators/mag-series-083-083","Electromagnetic Magnetic Separator","Series-083","Confirm page evidence and product identity with the owner."
"raw-083-generic-title-needs-identification","low","generic-title-needs-identification","magnetic-separators","raw-083","https://cowinmachine.com/products/magnetic-separators/mag-series-083-083","Electromagnetic Magnetic Separator","Series-083","Request a manufacturer model or approved family designation."
"raw-083-missing-specification","medium","missing-specification","magnetic-separators","raw-083","https://cowinmachine.com/products/magnetic-separators/mag-series-083-083","Electromagnetic Magnetic Separator","Series-083","Obtain approved model-specific specification data before a technical rewrite."
"raw-083-duplicate-or-near-duplicate","high","duplicate-or-near-duplicate","magnetic-separators","raw-083","https://cowinmachine.com/products/magnetic-separators/mag-series-083-083","Electromagnetic Magnetic Separator","Series-083","Confirm whether this URL is a distinct SKU or consolidate it under a canonical family."
"raw-084-family-or-series","low","family-or-series","magnetic-separators","raw-084","https://cowinmachine.com/products/magnetic-separators/mag-series-084-084","Permanent Magnetic Separator","Series-084","Confirm page evidence and product identity with the owner."
"raw-084-generic-title-needs-identification","low","generic-title-needs-identification","magnetic-separators","raw-084","https://cowinmachine.com/products/magnetic-separators/mag-series-084-084","Permanent Magnetic Separator","Series-084","Request a manufacturer model or approved family designation."
"raw-084-missing-specification","medium","missing-specification","magnetic-separators","raw-084","https://cowinmachine.com/products/magnetic-separators/mag-series-084-084","Permanent Magnetic Separator","Series-084","Obtain approved model-specific specification data before a technical rewrite."
"raw-084-duplicate-or-near-duplicate","high","duplicate-or-near-duplicate","magnetic-separators","raw-084","https://cowinmachine.com/products/magnetic-separators/mag-series-084-084","Permanent Magnetic Separator","Series-084","Confirm whether this URL is a distinct SKU or consolidate it under a canonical family."
"raw-085-family-or-series","low","family-or-series","magnetic-separators","raw-085","https://cowinmachine.com/products/magnetic-separators/mag-series-085-085","Electromagnetic Magnetic Separator","Series-085","Confirm page evidence and product identity with the owner."
"raw-085-generic-title-needs-identification","low","generic-title-needs-identification","magnetic-separators","raw-085","https://cowinmachine.com/products/magnetic-separators/mag-series-085-085","Electromagnetic Magnetic Separator","Series-085","Request a manufacturer model or approved family designation."
"raw-085-missing-specification","medium","missing-specification","magnetic-separators","raw-085","https://cowinmachine.com/products/magnetic-separators/mag-series-085-085","Electromagnetic Magnetic Separator","Series-085","Obtain approved model-specific specification data before a technical rewrite."
"raw-085-duplicate-or-near-duplicate","high","duplicate-or-near-duplicate","magnetic-separators","raw-085","https://cowinmachine.com/products/magnetic-separators/mag-series-085-085","Electromagnetic Magnetic Separator","Series-085","Confirm whether this URL is a distinct SKU or consolidate it under a canonical family."
"raw-086-family-or-series","low","family-or-series","magnetic-separators","raw-086","https://cowinmachine.com/products/magnetic-separators/mag-series-086-086","Automatic-Discharge Electromagnetic Magnetic Separator","Series-086","Confirm page evidence and product identity with the owner."
"raw-086-generic-title-needs-identification","low","generic-title-needs-identification","magnetic-separators","raw-086","https://cowinmachine.com/products/magnetic-separators/mag-series-086-086","Automatic-Discharge Electromagnetic Magnetic Separator","Series-086","Request a manufacturer model or approved family designation."
"raw-086-missing-specification","medium","missing-specification","magnetic-separators","raw-086","https://cowinmachine.com/products/magnetic-separators/mag-series-086-086","Automatic-Discharge Electromagnetic Magnetic Separator","Series-086","Obtain approved model-specific specification data before a technical rewrite."
"raw-087-family-or-series","low","family-or-series","magnetic-separators","raw-087","https://cowinmachine.com/products/magnetic-separators/mag-series-087-087","Automatic-Discharge Permanent Magnetic Separator","Series-087","Confirm page evidence and product identity with the owner."
"raw-087-generic-title-needs-identification","low","generic-title-needs-identification","magnetic-separators","raw-087","https://cowinmachine.com/products/magnetic-separators/mag-series-087-087","Automatic-Discharge Permanent Magnetic Separator","Series-087","Request a manufacturer model or approved family designation."
"raw-087-missing-specification","medium","missing-specification","magnetic-separators","raw-087","https://cowinmachine.com/products/magnetic-separators/mag-series-087-087","Automatic-Discharge Permanent Magnetic Separator","Series-087","Obtain approved model-specific specification data before a technical rewrite."
"raw-088-family-or-series","low","family-or-series","magnetic-separators","raw-088","https://cowinmachine.com/products/magnetic-separators/mag-series-088-088","Electromagnetic Magnetic Separator","Series-088","Confirm page evidence and product identity with the owner."
"raw-088-generic-title-needs-identification","low","generic-title-needs-identification","magnetic-separators","raw-088","https://cowinmachine.com/products/magnetic-separators/mag-series-088-088","Electromagnetic Magnetic Separator","Series-088","Request a manufacturer model or approved family designation."
"raw-088-missing-specification","medium","missing-specification","magnetic-separators","raw-088","https://cowinmachine.com/products/magnetic-separators/mag-series-088-088","Electromagnetic Magnetic Separator","Series-088","Obtain approved model-specific specification data before a technical rewrite."
"raw-088-duplicate-or-near-duplicate","high","duplicate-or-near-duplicate","magnetic-separators","raw-088","https://cowinmachine.com/products/magnetic-separators/mag-series-088-088","Electromagnetic Magnetic Separator","Series-088","Confirm whether this URL is a distinct SKU or consolidate it under a canonical family."
"raw-089-family-or-series","low","family-or-series","mobile-lighting-systems","raw-089","https://cowinmachine.com/products/mobile-lighting-systems/tower-tower-ust300l-089","TOWER-UST300L Solar Mobile Light Tower","","Confirm page evidence and product identity with the owner."
"raw-089-generic-title-needs-identification","low","generic-title-needs-identification","mobile-lighting-systems","raw-089","https://cowinmachine.com/products/mobile-lighting-systems/tower-tower-ust300l-089","TOWER-UST300L Solar Mobile Light Tower","","Request a manufacturer model or approved family designation."
"raw-089-missing-source-evidence","medium","missing-source-evidence","mobile-lighting-systems","raw-089","https://cowinmachine.com/products/mobile-lighting-systems/tower-tower-ust300l-089","TOWER-UST300L Solar Mobile Light Tower","","Confirm page evidence and product identity with the owner."
"raw-091-family-or-series","low","family-or-series","mobile-lighting-systems","raw-091","https://cowinmachine.com/products/mobile-lighting-systems/tower-site-ust900l-091","SITE-UST900L Solar Mobile Light Tower","","Confirm page evidence and product identity with the owner."
"raw-091-generic-title-needs-identification","low","generic-title-needs-identification","mobile-lighting-systems","raw-091","https://cowinmachine.com/products/mobile-lighting-systems/tower-site-ust900l-091","SITE-UST900L Solar Mobile Light Tower","","Request a manufacturer model or approved family designation."
"raw-091-missing-source-evidence","medium","missing-source-evidence","mobile-lighting-systems","raw-091","https://cowinmachine.com/products/mobile-lighting-systems/tower-site-ust900l-091","SITE-UST900L Solar Mobile Light Tower","","Confirm page evidence and product identity with the owner."
"raw-092-family-or-series","low","family-or-series","mobile-lighting-systems","raw-092","https://cowinmachine.com/products/mobile-lighting-systems/tower-tower-ust1200l-092","TOWER-UST1200L Solar Mobile Light Tower","","Confirm page evidence and product identity with the owner."
"raw-092-generic-title-needs-identification","low","generic-title-needs-identification","mobile-lighting-systems","raw-092","https://cowinmachine.com/products/mobile-lighting-systems/tower-tower-ust1200l-092","TOWER-UST1200L Solar Mobile Light Tower","","Request a manufacturer model or approved family designation."
"raw-092-missing-source-evidence","medium","missing-source-evidence","mobile-lighting-systems","raw-092","https://cowinmachine.com/products/mobile-lighting-systems/tower-tower-ust1200l-092","TOWER-UST1200L Solar Mobile Light Tower","","Confirm page evidence and product identity with the owner."
"raw-093-family-or-series","low","family-or-series","mobile-lighting-systems","raw-093","https://cowinmachine.com/products/mobile-lighting-systems/tower-tower-ust1800l-093","TOWER-UST1800L Solar Mobile Light Tower","","Confirm page evidence and product identity with the owner."
"raw-093-generic-title-needs-identification","low","generic-title-needs-identification","mobile-lighting-systems","raw-093","https://cowinmachine.com/products/mobile-lighting-systems/tower-tower-ust1800l-093","TOWER-UST1800L Solar Mobile Light Tower","","Request a manufacturer model or approved family designation."
"raw-093-missing-source-evidence","medium","missing-source-evidence","mobile-lighting-systems","raw-093","https://cowinmachine.com/products/mobile-lighting-systems/tower-tower-ust1800l-093","TOWER-UST1800L Solar Mobile Light Tower","","Confirm page evidence and product identity with the owner."
"raw-094-family-or-series","low","family-or-series","mobile-lighting-systems","raw-094","https://cowinmachine.com/products/mobile-lighting-systems/tower-tower-ust2400l-094","TOWER-UST2400L Solar Mobile Light Tower","","Confirm page evidence and product identity with the owner."
"raw-094-generic-title-needs-identification","low","generic-title-needs-identification","mobile-lighting-systems","raw-094","https://cowinmachine.com/products/mobile-lighting-systems/tower-tower-ust2400l-094","TOWER-UST2400L Solar Mobile Light Tower","","Request a manufacturer model or approved family designation."
"raw-094-missing-source-evidence","medium","missing-source-evidence","mobile-lighting-systems","raw-094","https://cowinmachine.com/products/mobile-lighting-systems/tower-tower-ust2400l-094","TOWER-UST2400L Solar Mobile Light Tower","","Confirm page evidence and product identity with the owner."
"raw-095-family-or-series","low","family-or-series","mobile-lighting-systems","raw-095","https://cowinmachine.com/products/mobile-lighting-systems/tower-series-095-095","Solar Mobile Light Tower","","Confirm page evidence and product identity with the owner."
"raw-095-generic-title-needs-identification","low","generic-title-needs-identification","mobile-lighting-systems","raw-095","https://cowinmachine.com/products/mobile-lighting-systems/tower-series-095-095","Solar Mobile Light Tower","","Request a manufacturer model or approved family designation."
"raw-095-missing-source-evidence","medium","missing-source-evidence","mobile-lighting-systems","raw-095","https://cowinmachine.com/products/mobile-lighting-systems/tower-series-095-095","Solar Mobile Light Tower","","Confirm page evidence and product identity with the owner."
"raw-096-duplicate-or-near-duplicate","high","duplicate-or-near-duplicate","mobile-lighting-systems","raw-096","https://cowinmachine.com/products/mobile-lighting-systems/tower-ust-300s-096","UST-300S Solar Surveillance Mobile Light Tower","UST-300S","Confirm whether this URL is a distinct SKU or consolidate it under a canonical family."
"raw-097-duplicate-or-near-duplicate","high","duplicate-or-near-duplicate","mobile-lighting-systems","raw-097","https://cowinmachine.com/products/mobile-lighting-systems/tower-ust-600s-097","UST-600S Solar Surveillance Mobile Light Tower","UST-600S","Confirm whether this URL is a distinct SKU or consolidate it under a canonical family."
"raw-098-duplicate-or-near-duplicate","high","duplicate-or-near-duplicate","mobile-lighting-systems","raw-098","https://cowinmachine.com/products/mobile-lighting-systems/tower-ust-900s-098","UST-900S Solar Surveillance Mobile Light Tower","UST-900S","Confirm whether this URL is a distinct SKU or consolidate it under a canonical family."
"raw-100-family-or-series","low","family-or-series","mobile-lighting-systems","raw-100","https://cowinmachine.com/products/mobile-lighting-systems/tower-block-ubt300s-100","BLOCK-UBT300S Solar Surveillance Mobile Light Tower","","Confirm page evidence and product identity with the owner."
"raw-100-generic-title-needs-identification","low","generic-title-needs-identification","mobile-lighting-systems","raw-100","https://cowinmachine.com/products/mobile-lighting-systems/tower-block-ubt300s-100","BLOCK-UBT300S Solar Surveillance Mobile Light Tower","","Request a manufacturer model or approved family designation."
"raw-100-missing-source-evidence","medium","missing-source-evidence","mobile-lighting-systems","raw-100","https://cowinmachine.com/products/mobile-lighting-systems/tower-block-ubt300s-100","BLOCK-UBT300S Solar Surveillance Mobile Light Tower","","Confirm page evidence and product identity with the owner."
"raw-101-family-or-series","low","family-or-series","mobile-lighting-systems","raw-101","https://cowinmachine.com/products/mobile-lighting-systems/tower-series-101-101","Solar Surveillance Mobile Light Tower","","Confirm page evidence and product identity with the owner."
"raw-101-generic-title-needs-identification","low","generic-title-needs-identification","mobile-lighting-systems","raw-101","https://cowinmachine.com/products/mobile-lighting-systems/tower-series-101-101","Solar Surveillance Mobile Light Tower","","Request a manufacturer model or approved family designation."
"raw-101-missing-source-evidence","medium","missing-source-evidence","mobile-lighting-systems","raw-101","https://cowinmachine.com/products/mobile-lighting-systems/tower-series-101-101","Solar Surveillance Mobile Light Tower","","Confirm page evidence and product identity with the owner."
"raw-105-duplicate-or-near-duplicate","high","duplicate-or-near-duplicate","mobile-lighting-systems","raw-105","https://cowinmachine.com/products/mobile-lighting-systems/tower-ust-600s-105","UST-600S Solar Surveillance Mobile Light Tower","UST-600S","Confirm whether this URL is a distinct SKU or consolidate it under a canonical family."
"raw-110-family-or-series","low","family-or-series","mobile-lighting-systems","raw-110","https://cowinmachine.com/products/mobile-lighting-systems/tower-trailers-uht7000pled-110","TRAILERS-UHT7000PLED Mobile Light Tower","","Confirm page evidence and product identity with the owner."
"raw-110-generic-title-needs-identification","low","generic-title-needs-identification","mobile-lighting-systems","raw-110","https://cowinmachine.com/products/mobile-lighting-systems/tower-trailers-uht7000pled-110","TRAILERS-UHT7000PLED Mobile Light Tower","","Request a manufacturer model or approved family designation."
"raw-110-missing-source-evidence","medium","missing-source-evidence","mobile-lighting-systems","raw-110","https://cowinmachine.com/products/mobile-lighting-systems/tower-trailers-uht7000pled-110","TRAILERS-UHT7000PLED Mobile Light Tower","","Confirm page evidence and product identity with the owner."
"raw-111-duplicate-or-near-duplicate","high","duplicate-or-near-duplicate","mobile-lighting-systems","raw-111","https://cowinmachine.com/products/mobile-lighting-systems/tower-ust-300s-111","UST-300S Solar Surveillance Mobile Light Tower","UST-300S","Confirm whether this URL is a distinct SKU or consolidate it under a canonical family."
"raw-118-duplicate-or-near-duplicate","high","duplicate-or-near-duplicate","mobile-lighting-systems","raw-118","https://cowinmachine.com/products/mobile-lighting-systems/tower-ust-900s-118","UST-900S Solar Surveillance Mobile Light Tower","UST-900S","Confirm whether this URL is a distinct SKU or consolidate it under a canonical family."
"raw-119-duplicate-or-near-duplicate","high","duplicate-or-near-duplicate","mobile-lighting-systems","raw-119","https://cowinmachine.com/products/mobile-lighting-systems/tower-ust-900s-119","UST-900S Solar Surveillance Mobile Light Tower","UST-900S","Confirm whether this URL is a distinct SKU or consolidate it under a canonical family."
"raw-120-duplicate-or-near-duplicate","high","duplicate-or-near-duplicate","mobile-lighting-systems","raw-120","https://cowinmachine.com/products/mobile-lighting-systems/tower-ust-1200s-120","UST-1200S Solar Surveillance Mobile Light Tower","UST-1200S","Confirm whether this URL is a distinct SKU or consolidate it under a canonical family."
"raw-121-duplicate-or-near-duplicate","high","duplicate-or-near-duplicate","mobile-lighting-systems","raw-121","https://cowinmachine.com/products/mobile-lighting-systems/tower-ust-1200s-121","UST-1200S Solar Surveillance Mobile Light Tower","UST-1200S","Confirm whether this URL is a distinct SKU or consolidate it under a canonical family."
"raw-125-missing-specification","medium","missing-specification","compressed-air-equipment","raw-125","https://cowinmachine.com/products/compressed-air-equipment/air-zd20-125","ZD20 Variable-Speed Screw Air Compressor","ZD20","Obtain approved model-specific specification data before a technical rewrite."
"raw-127-duplicate-or-near-duplicate","high","duplicate-or-near-duplicate","compressed-air-equipment","raw-127","https://cowinmachine.com/products/compressed-air-equipment/air-zd50lv-8-127","ZD50LV-8 Electric Portable Screw Air Compressor","ZD50LV-8","Confirm whether this URL is a distinct SKU or consolidate it under a canonical family."
"raw-128-duplicate-or-near-duplicate","high","duplicate-or-near-duplicate","compressed-air-equipment","raw-128","https://cowinmachine.com/products/compressed-air-equipment/air-zd50lv-8-128","ZD50LV-8 Electric Screw Air Compressor","ZD50LV-8","Confirm whether this URL is a distinct SKU or consolidate it under a canonical family."
"raw-133-duplicate-or-near-duplicate","high","duplicate-or-near-duplicate","compressed-air-equipment","raw-133","https://cowinmachine.com/products/compressed-air-equipment/air-zdcy-5-8-133","ZDCY 5-8 Diesel Portable Screw Air Compressor","ZDCY 5-8","Confirm whether this URL is a distinct SKU or consolidate it under a canonical family."
"raw-137-family-or-series","low","family-or-series","compressed-air-equipment","raw-137","https://cowinmachine.com/products/compressed-air-equipment/air-series-137-137","Diesel Piston Air Compressor","","Confirm page evidence and product identity with the owner."
"raw-137-generic-title-needs-identification","low","generic-title-needs-identification","compressed-air-equipment","raw-137","https://cowinmachine.com/products/compressed-air-equipment/air-series-137-137","Diesel Piston Air Compressor","","Request a manufacturer model or approved family designation."
"raw-137-missing-source-evidence","medium","missing-source-evidence","compressed-air-equipment","raw-137","https://cowinmachine.com/products/compressed-air-equipment/air-series-137-137","Diesel Piston Air Compressor","","Confirm page evidence and product identity with the owner."
"raw-137-duplicate-or-near-duplicate","high","duplicate-or-near-duplicate","compressed-air-equipment","raw-137","https://cowinmachine.com/products/compressed-air-equipment/air-series-137-137","Diesel Piston Air Compressor","","Confirm whether this URL is a distinct SKU or consolidate it under a canonical family."
"raw-138-family-or-series","low","family-or-series","compressed-air-equipment","raw-138","https://cowinmachine.com/products/compressed-air-equipment/air-series-138-138","Diesel Piston Air Compressor","","Confirm page evidence and product identity with the owner."
"raw-138-generic-title-needs-identification","low","generic-title-needs-identification","compressed-air-equipment","raw-138","https://cowinmachine.com/products/compressed-air-equipment/air-series-138-138","Diesel Piston Air Compressor","","Request a manufacturer model or approved family designation."
"raw-138-missing-source-evidence","medium","missing-source-evidence","compressed-air-equipment","raw-138","https://cowinmachine.com/products/compressed-air-equipment/air-series-138-138","Diesel Piston Air Compressor","","Confirm page evidence and product identity with the owner."
"raw-138-duplicate-or-near-duplicate","high","duplicate-or-near-duplicate","compressed-air-equipment","raw-138","https://cowinmachine.com/products/compressed-air-equipment/air-series-138-138","Diesel Piston Air Compressor","","Confirm whether this URL is a distinct SKU or consolidate it under a canonical family."
"raw-139-family-or-series","low","family-or-series","compressed-air-equipment","raw-139","https://cowinmachine.com/products/compressed-air-equipment/air-series-139-139","Diesel Piston Air Compressor","","Confirm page evidence and product identity with the owner."
"raw-139-generic-title-needs-identification","low","generic-title-needs-identification","compressed-air-equipment","raw-139","https://cowinmachine.com/products/compressed-air-equipment/air-series-139-139","Diesel Piston Air Compressor","","Request a manufacturer model or approved family designation."
"raw-139-missing-source-evidence","medium","missing-source-evidence","compressed-air-equipment","raw-139","https://cowinmachine.com/products/compressed-air-equipment/air-series-139-139","Diesel Piston Air Compressor","","Confirm page evidence and product identity with the owner."
"raw-139-duplicate-or-near-duplicate","high","duplicate-or-near-duplicate","compressed-air-equipment","raw-139","https://cowinmachine.com/products/compressed-air-equipment/air-series-139-139","Diesel Piston Air Compressor","","Confirm whether this URL is a distinct SKU or consolidate it under a canonical family."
"raw-140-family-or-series","low","family-or-series","compressed-air-equipment","raw-140","https://cowinmachine.com/products/compressed-air-equipment/air-series-140-140","Piston Air Compressor","","Confirm page evidence and product identity with the owner."
"raw-140-generic-title-needs-identification","low","generic-title-needs-identification","compressed-air-equipment","raw-140","https://cowinmachine.com/products/compressed-air-equipment/air-series-140-140","Piston Air Compressor","","Request a manufacturer model or approved family designation."
"raw-140-missing-source-evidence","medium","missing-source-evidence","compressed-air-equipment","raw-140","https://cowinmachine.com/products/compressed-air-equipment/air-series-140-140","Piston Air Compressor","","Confirm page evidence and product identity with the owner."
"raw-141-family-or-series","low","family-or-series","compressed-air-equipment","raw-141","https://cowinmachine.com/products/compressed-air-equipment/air-series-141-141","Diesel Portable Piston Air Compressor","","Confirm page evidence and product identity with the owner."
"raw-141-generic-title-needs-identification","low","generic-title-needs-identification","compressed-air-equipment","raw-141","https://cowinmachine.com/products/compressed-air-equipment/air-series-141-141","Diesel Portable Piston Air Compressor","","Request a manufacturer model or approved family designation."
"raw-141-missing-source-evidence","medium","missing-source-evidence","compressed-air-equipment","raw-141","https://cowinmachine.com/products/compressed-air-equipment/air-series-141-141","Diesel Portable Piston Air Compressor","","Confirm page evidence and product identity with the owner."
"raw-141-duplicate-or-near-duplicate","high","duplicate-or-near-duplicate","compressed-air-equipment","raw-141","https://cowinmachine.com/products/compressed-air-equipment/air-series-141-141","Diesel Portable Piston Air Compressor","","Confirm whether this URL is a distinct SKU or consolidate it under a canonical family."
"raw-142-family-or-series","low","family-or-series","compressed-air-equipment","raw-142","https://cowinmachine.com/products/compressed-air-equipment/air-series-142-142","Diesel Portable Piston Air Compressor","","Confirm page evidence and product identity with the owner."
"raw-142-generic-title-needs-identification","low","generic-title-needs-identification","compressed-air-equipment","raw-142","https://cowinmachine.com/products/compressed-air-equipment/air-series-142-142","Diesel Portable Piston Air Compressor","","Request a manufacturer model or approved family designation."
"raw-142-missing-source-evidence","medium","missing-source-evidence","compressed-air-equipment","raw-142","https://cowinmachine.com/products/compressed-air-equipment/air-series-142-142","Diesel Portable Piston Air Compressor","","Confirm page evidence and product identity with the owner."
"raw-142-duplicate-or-near-duplicate","high","duplicate-or-near-duplicate","compressed-air-equipment","raw-142","https://cowinmachine.com/products/compressed-air-equipment/air-series-142-142","Diesel Portable Piston Air Compressor","","Confirm whether this URL is a distinct SKU or consolidate it under a canonical family."
"raw-143-family-or-series","low","family-or-series","compressed-air-equipment","raw-143","https://cowinmachine.com/products/compressed-air-equipment/air-series-143-143","Diesel Portable Piston Air Compressor","","Confirm page evidence and product identity with the owner."
"raw-143-generic-title-needs-identification","low","generic-title-needs-identification","compressed-air-equipment","raw-143","https://cowinmachine.com/products/compressed-air-equipment/air-series-143-143","Diesel Portable Piston Air Compressor","","Request a manufacturer model or approved family designation."
"raw-143-missing-source-evidence","medium","missing-source-evidence","compressed-air-equipment","raw-143","https://cowinmachine.com/products/compressed-air-equipment/air-series-143-143","Diesel Portable Piston Air Compressor","","Confirm page evidence and product identity with the owner."
"raw-143-duplicate-or-near-duplicate","high","duplicate-or-near-duplicate","compressed-air-equipment","raw-143","https://cowinmachine.com/products/compressed-air-equipment/air-series-143-143","Diesel Portable Piston Air Compressor","","Confirm whether this URL is a distinct SKU or consolidate it under a canonical family."
"raw-149-family-or-series","low","family-or-series","generator-systems","raw-149","https://cowinmachine.com/products/generator-systems/gen-series-149-149","Diesel Generator System","","Confirm page evidence and product identity with the owner."
"raw-149-generic-title-needs-identification","low","generic-title-needs-identification","generator-systems","raw-149","https://cowinmachine.com/products/generator-systems/gen-series-149-149","Diesel Generator System","","Request a manufacturer model or approved family designation."
"raw-149-missing-source-evidence","medium","missing-source-evidence","generator-systems","raw-149","https://cowinmachine.com/products/generator-systems/gen-series-149-149","Diesel Generator System","","Confirm page evidence and product identity with the owner."
"raw-156-duplicate-or-near-duplicate","high","duplicate-or-near-duplicate","drilling-equipment","raw-156","https://cowinmachine.com/products/drilling-equipment/rig-zdd100-156","ZDD100 DTH Drilling Rig","ZDD100","Confirm whether this URL is a distinct SKU or consolidate it under a canonical family."
"raw-157-duplicate-or-near-duplicate","high","duplicate-or-near-duplicate","drilling-equipment","raw-157","https://cowinmachine.com/products/drilling-equipment/rig-zdd100-157","ZDD100 Drilling Rig","ZDD100","Confirm whether this URL is a distinct SKU or consolidate it under a canonical family."
"raw-160-family-or-series","low","family-or-series","drilling-consumables","raw-160","https://cowinmachine.com/products/drilling-consumables/tool-series-160-160","Button Bit Drilling Tool","","Confirm page evidence and product identity with the owner."
"raw-160-generic-title-needs-identification","low","generic-title-needs-identification","drilling-consumables","raw-160","https://cowinmachine.com/products/drilling-consumables/tool-series-160-160","Button Bit Drilling Tool","","Request a manufacturer model or approved family designation."
"raw-160-missing-source-evidence","medium","missing-source-evidence","drilling-consumables","raw-160","https://cowinmachine.com/products/drilling-consumables/tool-series-160-160","Button Bit Drilling Tool","","Confirm page evidence and product identity with the owner."
"raw-161-family-or-series","low","family-or-series","drilling-consumables","raw-161","https://cowinmachine.com/products/drilling-consumables/tool-series-161-161","Drill Bit Drilling Tool","","Confirm page evidence and product identity with the owner."
"raw-161-generic-title-needs-identification","low","generic-title-needs-identification","drilling-consumables","raw-161","https://cowinmachine.com/products/drilling-consumables/tool-series-161-161","Drill Bit Drilling Tool","","Request a manufacturer model or approved family designation."
"raw-161-missing-source-evidence","medium","missing-source-evidence","drilling-consumables","raw-161","https://cowinmachine.com/products/drilling-consumables/tool-series-161-161","Drill Bit Drilling Tool","","Confirm page evidence and product identity with the owner."
"raw-161-duplicate-or-near-duplicate","high","duplicate-or-near-duplicate","drilling-consumables","raw-161","https://cowinmachine.com/products/drilling-consumables/tool-series-161-161","Drill Bit Drilling Tool","","Confirm whether this URL is a distinct SKU or consolidate it under a canonical family."
"raw-162-family-or-series","low","family-or-series","drilling-consumables","raw-162","https://cowinmachine.com/products/drilling-consumables/tool-series-162-162","Drill Bit Drilling Tool","","Confirm page evidence and product identity with the owner."
"raw-162-generic-title-needs-identification","low","generic-title-needs-identification","drilling-consumables","raw-162","https://cowinmachine.com/products/drilling-consumables/tool-series-162-162","Drill Bit Drilling Tool","","Request a manufacturer model or approved family designation."
"raw-162-missing-source-evidence","medium","missing-source-evidence","drilling-consumables","raw-162","https://cowinmachine.com/products/drilling-consumables/tool-series-162-162","Drill Bit Drilling Tool","","Confirm page evidence and product identity with the owner."
"raw-162-duplicate-or-near-duplicate","high","duplicate-or-near-duplicate","drilling-consumables","raw-162","https://cowinmachine.com/products/drilling-consumables/tool-series-162-162","Drill Bit Drilling Tool","","Confirm whether this URL is a distinct SKU or consolidate it under a canonical family."
"raw-164-family-or-series","low","family-or-series","drilling-consumables","raw-164","https://cowinmachine.com/products/drilling-consumables/tool-series-164-164","Drill Pipe Drilling Tool","","Confirm page evidence and product identity with the owner."
"raw-164-generic-title-needs-identification","low","generic-title-needs-identification","drilling-consumables","raw-164","https://cowinmachine.com/products/drilling-consumables/tool-series-164-164","Drill Pipe Drilling Tool","","Request a manufacturer model or approved family designation."
"raw-164-missing-source-evidence","medium","missing-source-evidence","drilling-consumables","raw-164","https://cowinmachine.com/products/drilling-consumables/tool-series-164-164","Drill Pipe Drilling Tool","","Confirm page evidence and product identity with the owner."
"raw-165-family-or-series","low","family-or-series","drilling-consumables","raw-165","https://cowinmachine.com/products/drilling-consumables/tool-series-165-165","DTH Hammer Drilling Tool","","Confirm page evidence and product identity with the owner."
"raw-165-generic-title-needs-identification","low","generic-title-needs-identification","drilling-consumables","raw-165","https://cowinmachine.com/products/drilling-consumables/tool-series-165-165","DTH Hammer Drilling Tool","","Request a manufacturer model or approved family designation."
"raw-165-missing-source-evidence","medium","missing-source-evidence","drilling-consumables","raw-165","https://cowinmachine.com/products/drilling-consumables/tool-series-165-165","DTH Hammer Drilling Tool","","Confirm page evidence and product identity with the owner."
"raw-166-missing-specification","medium","missing-specification","drilling-consumables","raw-166","https://cowinmachine.com/products/drilling-consumables/tool-ql60-166","QL60 DTH Hammer Drilling Tool","QL60","Obtain approved model-specific specification data before a technical rewrite."
"raw-176-missing-specification","medium","missing-specification","compressed-air-equipment","raw-176","https://cowinmachine.com/products/compressed-air-equipment/air-lb20-176","LB20 Screw Air Compressor","LB20","Obtain approved model-specific specification data before a technical rewrite."
"raw-182-missing-specification","medium","missing-specification","compressed-air-equipment","raw-182","https://cowinmachine.com/products/compressed-air-equipment/air-ztv90-8-182","ZTV90-8 Electric Screw Air Compressor","ZTV90-8","Obtain approved model-specific specification data before a technical rewrite."
"raw-187-missing-specification","medium","missing-specification","drilling-consumables","raw-187","https://cowinmachine.com/products/drilling-consumables/tool-yo20-187","YO20 Drilling Tool","YO20","Obtain approved model-specific specification data before a technical rewrite."
"raw-188-duplicate-or-near-duplicate","high","duplicate-or-near-duplicate","compressed-air-equipment","raw-188","https://cowinmachine.com/products/compressed-air-equipment/air-zdcy-5-8-188","ZDCY 5-8 Diesel Portable Screw Air Compressor","ZDCY 5-8","Confirm whether this URL is a distinct SKU or consolidate it under a canonical family."
"raw-195-family-or-series","low","family-or-series","drilling-consumables","raw-195","https://cowinmachine.com/products/drilling-consumables/tool-series-195-195","Drilling Tool","","Confirm page evidence and product identity with the owner."
"raw-195-generic-title-needs-identification","low","generic-title-needs-identification","drilling-consumables","raw-195","https://cowinmachine.com/products/drilling-consumables/tool-series-195-195","Drilling Tool","","Request a manufacturer model or approved family designation."
"raw-195-missing-source-evidence","medium","missing-source-evidence","drilling-consumables","raw-195","https://cowinmachine.com/products/drilling-consumables/tool-series-195-195","Drilling Tool","","Confirm page evidence and product identity with the owner."
"raw-196-family-or-series","low","family-or-series","generator-systems","raw-196","https://cowinmachine.com/products/generator-systems/gen-zd-100kw-196","ZD-100kw Open-Frame Diesel Generator System","","Confirm page evidence and product identity with the owner."
"raw-196-generic-title-needs-identification","low","generic-title-needs-identification","generator-systems","raw-196","https://cowinmachine.com/products/generator-systems/gen-zd-100kw-196","ZD-100kw Open-Frame Diesel Generator System","","Request a manufacturer model or approved family designation."
"raw-196-missing-source-evidence","medium","missing-source-evidence","generator-systems","raw-196","https://cowinmachine.com/products/generator-systems/gen-zd-100kw-196","ZD-100kw Open-Frame Diesel Generator System","","Confirm page evidence and product identity with the owner."
"raw-198-family-or-series","low","family-or-series","drilling-consumables","raw-198","https://cowinmachine.com/products/drilling-consumables/tool-series-198-198","Drill Bit Drilling Tool","","Confirm page evidence and product identity with the owner."
"raw-198-generic-title-needs-identification","low","generic-title-needs-identification","drilling-consumables","raw-198","https://cowinmachine.com/products/drilling-consumables/tool-series-198-198","Drill Bit Drilling Tool","","Request a manufacturer model or approved family designation."
"raw-198-missing-source-evidence","medium","missing-source-evidence","drilling-consumables","raw-198","https://cowinmachine.com/products/drilling-consumables/tool-series-198-198","Drill Bit Drilling Tool","","Confirm page evidence and product identity with the owner."
"raw-198-duplicate-or-near-duplicate","high","duplicate-or-near-duplicate","drilling-consumables","raw-198","https://cowinmachine.com/products/drilling-consumables/tool-series-198-198","Drill Bit Drilling Tool","","Confirm whether this URL is a distinct SKU or consolidate it under a canonical family."
"raw-201-duplicate-or-near-duplicate","high","duplicate-or-near-duplicate","mobile-lighting-systems","raw-201","https://cowinmachine.com/products/mobile-lighting-systems/tower-ust-900s-201","UST-900S Solar Surveillance Mobile Light Tower","UST-900S","Confirm whether this URL is a distinct SKU or consolidate it under a canonical family."
